#,Address,Source,Live Registers,Warp Stall Sampling (All Samples),Instructions Executed,Address Space,Access Operation,Access Size,L1 Wavefronts Shared Excessive,L2 Theoretical Sectors Global Excessive,Register Dependencies,Predicate Dependencies,Uniform Register Dependencies,Uniform Predicate Dependencies
,,flash_v2_kernel
1,00007ee3 7145fd00,"      LDC R1, c[0x0][0x28]",5,62,16384,,,,,,,,,
2,00007ee3 7145fd10,"      S2R R0, SR_TID.X",6,1,16384,,,,,,,,,
3,00007ee3 7145fd20,"      S2UR UR4, SR_CgaCtaId",6,19,16384,,,,,,,,,
4,00007ee3 7145fd30,"      ELECT P0, URZ, PT",6,3,16384,,,,,,,,,
5,00007ee3 7145fd40,"      UMOV UR25, 0x400",6,0,16384,,,,,,,,,
6,00007ee3 7145fd50,"      UMOV UR5, 0x1",6,4,16384,,,,,,,,,
7,00007ee3 7145fd60,"      ULDC UR13, c[0x0][0x518]",6,72,16384,,,,,,,,,
8,00007ee3 7145fd70,"      LDC.64 R2, c[0x0][0x198]",8,13,16384,,,,,,,,,
9,00007ee3 7145fd80,"      S2UR UR12, SR_CTAID.X",8,17,16384,,,,,,,,,
10,00007ee3 7145fd90,"      ULEA UR25, UR4, UR25, 0x18",8,63,16384,,,,,,,,,
11,00007ee3 7145fda0,"      S2UR UR11, SR_CTAID.Y",8,13,16384,,,,,,,,,
12,00007ee3 7145fdb0,"      UIADD3 UR24, UR25, 0x18000, URZ",8,1,16384,,,,,,,,,
13,00007ee3 7145fdc0,"      LOP3.LUT P4, R152, R0, 0xff, RZ, 0xc0, !PT",9,3,16384,,,,,,,,,
14,00007ee3 7145fdd0,"      ISETP.LT.U32.AND P0, PT, R152, 0x20, P0",9,9,16384,,,,,,,,,
15,00007ee3 7145fde0,"      USHF.L.U32 UR12, UR12, 0x7, URZ",9,39,16384,,,,,,,,,
16,00007ee3 7145fdf0,"      VOTEU.ALL UP0, P4",9,17,16384,,,,,,,,,
17,00007ee3 7145fe00,"      VOTEU.ALL UP2, P4",9,3,16384,,,,,,,,,
18,00007ee3 7145fe10,"@P0   IADD3 R4, P1, R2, 0x30, RZ",9,42,16384,,,,,,,,,
19,00007ee3 7145fe20,"      UIMAD UR11, UR11, UR13, URZ",9,13,16384,,,,,,,,,
20,00007ee3 7145fe30,"@!UP0 UIADD3 UR4, -UR5, 0x100000, URZ",9,6,16384,,,,,,,,,
21,00007ee3 7145fe40,"@!UP0 USHF.L.U32 UR5, UR4, 0xb, URZ",9,8,16384,,,,,,,,,
22,00007ee3 7145fe50,"@!UP0 USHF.L.U32 UR4, UR4, 0x1, URZ",9,6,16384,,,,,,,,,
23,00007ee3 7145fe60,"      VOTEU.ANY UP1, P0",9,2,16384,,,,,,,,,
24,00007ee3 7145fe70,"@P0   R2UR UR6, R4",9,3,16384,,,,,,,,,
25,00007ee3 7145fe80,"      UIADD3 UR27, UR11, UR12, URZ",8,2,16384,,,,,,,,,
26,00007ee3 7145fe90,"@P0   IADD3.X R5, RZ, R3, RZ, P1, !PT",8,0,16384,,,,,,,,,
27,00007ee3 7145fea0,"      VOTEU.ANY UP3, P0",8,1,16384,,,,,,,,,
28,00007ee3 7145feb0,"@UP1  UMOV UR26, URZ",8,1,16384,,,,,,,,,
29,00007ee3 7145fec0,"@P0   R2UR UR7, R5",8,1,16384,,,,,,,,,
30,00007ee3 7145fed0,"@!UP2 SYNCS.EXCH.64 URZ, [UR25], UR4",7,12,16384,,,,,,,,,
31,00007ee3 7145fee0,"      IMAD.U32 R4, RZ, RZ, UR6",8,8,16384,,,,,,,,,
32,00007ee3 7145fef0,"@P0   R2UR UR6, R4",8,15,16384,,,,,,,,,
33,00007ee3 7145ff00,"@!P4  IMAD.MOV.U32 R4, RZ, RZ, 0x4000",8,1,16384,,,,,,,,,
34,00007ee3 7145ff10,      BAR.SYNC.DEFER_BLOCKING 0x0,8,34,16384,,,,,,,,,
35,00007ee3 7145ff20,"      MOV R5, UR7",9,2,16384,,,,,,,,,
36,00007ee3 7145ff30,"@P0   R2UR UR7, R5",9,8,16384,,,,,,,,,
37,00007ee3 7145ff40,"@!P4  SYNCS.ARRIVE.TRANS64 RZ, [UR25], R4",9,39,16384,,,,,,,,,
38,00007ee3 7145ff50,      BAR.SYNC.DEFER_BLOCKING 0x0,9,6,16384,,,,,,,,,
39,00007ee3 7145ff60,"@UP3  UTMALDG.2D [UR24], [UR6]",9,49,16384,"Global, Shared",,,,,,,,
40,00007ee3 7145ff70,      BAR.SYNC.DEFER_BLOCKING 0x0,9,2,16384,,,,,,,,,
41,00007ee3 7145ff80,"      SYNCS.PHASECHK.TRANS64.TRYWAIT P0, [UR25], RZ",9,64,16384,,,,,,,,,
42,00007ee3 7145ff90,@!P0  BRA 0x7ee371463980,9,1581,16384,,,,,,,,,
43,00007ee3 7145ffa0,"      ELECT P0, URZ, PT",9,20,16384,,,,,,,,,
44,00007ee3 7145ffb0,"      MOV R8, UR13",10,4,16384,,,,,,,,,
45,00007ee3 7145ffc0,"      ELECT P1, URZ, PT",10,8,16384,,,,,,,,,
46,00007ee3 7145ffd0,      BAR.SYNC.DEFER_BLOCKING 0x0,10,5,16384,,,,,,,,,
47,00007ee3 7145ffe0,"      ISETP.LT.AND P0, PT, RZ, UR13, P0",10,3,16384,,,,,,,,,
48,00007ee3 7145fff0,"      ELECT P3, URZ, PT",10,4,16384,,,,,,,,,
49,00007ee3 71460000,"      ISETP.LT.AND P1, PT, RZ, UR13, P1",10,4,16384,,,,,,,,,
50,00007ee3 71460010,"      ELECT P2, URZ, PT",10,14,16384,,,,,,,,,
51,00007ee3 71460020,"      ISETP.LT.U32.AND P0, PT, R152, 0x20, P0",10,2,16384,,,,,,,,,
52,00007ee3 71460030,"      VOTEU.ALL UP3, P4",10,24,16384,,,,,,,,,
53,00007ee3 71460040,"      ISETP.LT.U32.AND P1, PT, R152, 0x20, P1",10,2,16384,,,,,,,,,
54,00007ee3 71460050,"      VOTEU.ALL UP5, P4",10,2,16384,,,,,,,,,
55,00007ee3 71460060,"      ISETP.GT.AND P3, PT, R8, 0x80, P3",10,1,16384,,,,,,,,,
56,00007ee3 71460070,"      VOTEU.ALL UP6, P4",10,4,16384,,,,,,,,,
57,00007ee3 71460080,"      ISETP.GT.AND P2, PT, R8, 0x80, P2",10,2,16384,,,,,,,,,
58,00007ee3 71460090,"      VOTEU.ALL UP1, P4",10,2,16384,,,,,,,,,
59,00007ee3 714600a0,"      ISETP.LT.U32.AND P3, PT, R152, 0x20, P3",10,0,16384,,,,,,,,,
60,00007ee3 714600b0,"      VOTEU.ALL UP2, P4",10,1,16384,,,,,,,,,
61,00007ee3 714600c0,"      ISETP.LT.U32.AND P2, PT, R152, 0x20, P2",10,0,16384,,,,,,,,,
62,00007ee3 714600d0,"      UMOV UR19, UR11",10,4,16384,,,,,,,,,
63,00007ee3 714600e0,"      IMAD.MOV.U32 R11, RZ, RZ, -0x800000",11,2,16384,,,,,,,,,
64,00007ee3 714600f0,"@P0   IADD3 R4, P5, R2, 0xf0, RZ",11,3,16384,,,,,,,,,
65,00007ee3 71460100,"      VOTEU.ANY UP4, P0",11,0,16384,,,,,,,,,
66,00007ee3 71460110,"@P1   IADD3 R6, P6, R2, 0x1b0, RZ",11,3,16384,,,,,,,,,
67,00007ee3 71460120,"      CS2R R88, SRZ",13,34,16384,,,,,,,,,
68,00007ee3 71460130,"@P0   R2UR UR4, R4",13,4,16384,,,,,,,,,
69,00007ee3 71460140,"@P0   IMAD.X R5, RZ, RZ, R3, P5",13,0,16384,,,,,,,,,
70,00007ee3 71460150,"@P1   IADD3.X R4, RZ, R3, RZ, P6, !PT",13,2,16384,,,,,,,,,
71,00007ee3 71460160,@!P4  SYNCS.CCTL.IV [UR25],13,0,16384,,,,,,,,,
72,00007ee3 71460170,"@P3   IADD3 R7, P6, R2, 0x1b0, RZ",13,2,16384,,,,,,,,,
73,00007ee3 71460180,"      CS2R R90, SRZ",15,6,16384,,,,,,,,,
74,00007ee3 71460190,"@P1   R2UR UR6, R6",15,4,16384,,,,,,,,,
75,00007ee3 714601a0,"      CS2R R92, SRZ",17,25,16384,,,,,,,,,
76,00007ee3 714601b0,"@P3   IADD3.X R6, RZ, R3, RZ, P6, !PT",17,4,16384,,,,,,,,,
77,00007ee3 714601c0,"      CS2R R94, SRZ",19,3,16384,,,,,,,,,
78,00007ee3 714601d0,"@P1   R2UR UR7, R4",19,7,16384,,,,,,,,,
79,00007ee3 714601e0,"      CS2R R96, SRZ",20,3,16384,,,,,,,,,
80,00007ee3 714601f0,"@P3   R2UR UR16, R6",20,5,16384,,,,,,,,,
81,00007ee3 71460200,"      IMAD.U32 R4, RZ, RZ, UR4",20,2,16384,,,,,,,,,
82,00007ee3 71460210,"      UMOV UR4, 0x1",20,2,16384,,,,,,,,,
83,00007ee3 71460220,"@P0   R2UR UR5, R5",20,3,16384,,,,,,,,,
84,00007ee3 71460230,"      CS2R R98, SRZ",22,35,16384,,,,,,,,,
85,00007ee3 71460240,"@!UP0 UIADD3 UR28, -UR4, 0x100000, URZ",22,3,16384,,,,,,,,,
86,00007ee3 71460250,"@!UP0 USHF.L.U32 UR29, UR28, 0xb, URZ",22,12,16384,,,,,,,,,
87,00007ee3 71460260,"@!UP0 USHF.L.U32 UR28, UR28, 0x1, URZ",22,3,16384,,,,,,,,,
88,00007ee3 71460270,"      CS2R R100, SRZ",24,5,16384,,,,,,,,,
89,00007ee3 71460280,"@P2   IADD3 R5, P5, R2, 0xf0, RZ",24,3,16384,,,,,,,,,
90,00007ee3 71460290,"      CS2R R102, SRZ",26,14,16384,,,,,,,,,
91,00007ee3 714602a0,"@!UP0 UIADD3 UR30, -UR4, 0x100000, URZ",26,1,16384,,,,,,,,,
92,00007ee3 714602b0,"@!UP0 USHF.L.U32 UR31, UR30, 0xb, URZ",26,6,16384,,,,,,,,,
93,00007ee3 714602c0,"@!UP0 USHF.L.U32 UR30, UR30, 0x1, URZ",26,6,16384,,,,,,,,,
94,00007ee3 714602d0,"      CS2R R104, SRZ",28,0,16384,,,,,,,,,
95,00007ee3 714602e0,"@P2   R2UR UR8, R5",28,3,16384,,,,,,,,,
96,00007ee3 714602f0,"@P2   IMAD.X R5, RZ, RZ, R3, P5",28,1,16384,,,,,,,,,
97,00007ee3 71460300,"      MOV R9, UR16",29,1,16384,,,,,,,,,
98,00007ee3 71460310,"      CS2R R106, SRZ",31,11,16384,,,,,,,,,
99,00007ee3 71460320,"@!UP0 UIADD3 UR16, -UR4, 0x100000, URZ",31,0,16384,,,,,,,,,
100,00007ee3 71460330,"@!UP0 USHF.L.U32 UR17, UR16, 0xb, URZ",31,11,16384,,,,,,,,,
101,00007ee3 71460340,"@!UP0 USHF.L.U32 UR16, UR16, 0x1, URZ",31,4,16384,,,,,,,,,
102,00007ee3 71460350,"      CS2R R108, SRZ",33,1,16384,,,,,,,,,
103,00007ee3 71460360,"@!UP0 UIADD3 UR32, -UR4, 0x100000, URZ",33,3,16384,,,,,,,,,
104,00007ee3 71460370,"@!UP0 USHF.L.U32 UR33, UR32, 0xb, URZ",33,11,16384,,,,,,,,,
105,00007ee3 71460380,"@!UP0 USHF.L.U32 UR32, UR32, 0x1, URZ",33,6,16384,,,,,,,,,
106,00007ee3 71460390,"      CS2R R110, SRZ",35,2,16384,,,,,,,,,
107,00007ee3 714603a0,"@P2   R2UR UR9, R5",35,2,16384,,,,,,,,,
108,00007ee3 714603b0,"      CS2R R112, SRZ",36,18,16384,,,,,,,,,
109,00007ee3 714603c0,"      MOV R5, UR5",37,5,16384,,,,,,,,,
110,00007ee3 714603d0,"      CS2R R114, SRZ",39,5,16384,,,,,,,,,
111,00007ee3 714603e0,"@!UP0 UIADD3 UR34, -UR4, 0x100000, URZ",39,3,16384,,,,,,,,,
112,00007ee3 714603f0,"@!UP0 USHF.L.U32 UR35, UR34, 0xb, URZ",39,11,16384,,,,,,,,,
113,00007ee3 71460400,"@!UP0 USHF.L.U32 UR34, UR34, 0x1, URZ",39,9,16384,,,,,,,,,
114,00007ee3 71460410,"      IMAD.U32 R6, RZ, RZ, UR8",40,2,16384,,,,,,,,,
115,00007ee3 71460420,"@!UP0 UIADD3 UR4, -UR4, 0x100000, URZ",40,5,16384,,,,,,,,,
116,00007ee3 71460430,"@!UP0 USHF.L.U32 UR5, UR4, 0xb, URZ",40,18,16384,,,,,,,,,
117,00007ee3 71460440,"@!UP0 USHF.L.U32 UR4, UR4, 0x1, URZ",40,5,16384,,,,,,,,,
118,00007ee3 71460450,"      VOTEU.ALL UP0, P4",40,2,16384,,,,,,,,,
119,00007ee3 71460460,      FENCE.VIEW.ASYNC.S,40,1,16384,,,,,,,,,
120,00007ee3 71460470,"@!UP3 SYNCS.EXCH.64 URZ, [UR25+0x1c000], UR16",40,48,16384,,,,,,,,,
121,00007ee3 71460480,      BAR.SYNC.DEFER_BLOCKING 0x0,40,57,16384,,,,,,,,,
122,00007ee3 71460490,"      ISETP.LT.AND P5, PT, RZ, UR13, !P4",40,3,16384,,,,,,,,,
123,00007ee3 714604a0,"      CS2R R116, SRZ",42,7,16384,,,,,,,,,
124,00007ee3 714604b0,"@P0   R2UR UR14, R4",42,3,16384,,,,,,,,,
125,00007ee3 714604c0,"      IMAD.U32 R4, RZ, RZ, UR6",42,2,16384,,,,,,,,,
126,00007ee3 714604d0,"@P3   R2UR UR10, R7",42,5,16384,,,,,,,,,
127,00007ee3 714604e0,"      VOTEU.ANY UP3, P0",41,44,16384,,,,,,,,,
128,00007ee3 714604f0,"@P0   R2UR UR15, R5",41,2,16384,,,,,,,,,
129,00007ee3 71460500,"      UMOV UR8, UR25",40,1,16384,,,,,,,,,
130,00007ee3 71460510,"@P1   R2UR UR20, R4",40,0,16384,,,,,,,,,
131,00007ee3 71460520,"      CS2R R118, SRZ",42,20,16384,,,,,,,,,
132,00007ee3 71460530,"      MOV R7, UR9",43,10,16384,,,,,,,,,
133,00007ee3 71460540,"@UP3  UIADD3 UR9, UR25, 0x1c000, URZ",43,3,16384,,,,,,,,,
134,00007ee3 71460550,"      ISETP.GT.AND P6, PT, R8, 0x80, !P4",43,1,16384,,,,,,,,,
135,00007ee3 71460560,"@P5   IMAD.MOV.U32 R4, RZ, RZ, 0x4000",42,4,16384,,,,,,,,,
136,00007ee3 71460570,"      MOV R5, UR7",43,3,16384,,,,,,,,,
137,00007ee3 71460580,"      UIADD3 UR7, UR11, 0x80, URZ",43,4,16384,,,,,,,,,
138,00007ee3 71460590,"@P2   R2UR UR22, R6",43,0,16384,,,,,,,,,
139,00007ee3 714605a0,"      IMAD.U32 R8, RZ, RZ, UR10",43,1,16384,,,,,,,,,
140,00007ee3 714605b0,"@UP3  UMOV UR10, URZ",43,1,16384,,,,,,,,,
141,00007ee3 714605c0,"@P1   R2UR UR21, R5",43,2,16384,,,,,,,,,
142,00007ee3 714605d0,"      IMAD.MOV.U32 R5, RZ, RZ, 0x3f800000",43,2,16384,,,,,,,,,
143,00007ee3 714605e0,"@P2   R2UR UR23, R7",43,4,16384,,,,,,,,,
144,00007ee3 714605f0,"@!UP5 SYNCS.EXCH.64 URZ, [UR25+0x1c008], UR28",42,3,16384,,,,,,,,,
145,00007ee3 71460600,      BAR.SYNC.DEFER_BLOCKING 0x0,42,49,16384,,,,,,,,,
146,00007ee3 71460610,"@P3   R2UR UR36, R8",42,3,16384,,,,,,,,,
147,00007ee3 71460620,"@P3   R2UR UR37, R9",41,2,16384,,,,,,,,,
148,00007ee3 71460630,"      MOV R45, 0xff800000",41,6,16384,,,,,,,,,
149,00007ee3 71460640,"      VOTEU.ANY UP5, P1",41,32,16384,,,,,,,,,
150,00007ee3 71460650,"@UP5  UIADD3 UR16, UR25, 0xc000, URZ",41,13,16384,,,,,,,,,
151,00007ee3 71460660,"@UP5  UIADD3 UR17, UR25, 0x1c020, URZ",41,10,16384,,,,,,,,,
152,00007ee3 71460670,"@UP5  UMOV UR18, URZ",41,3,16384,,,,,,,,,
153,00007ee3 71460680,"@!UP6 SYNCS.EXCH.64 URZ, [UR25+0x1c010], UR30",41,1,16384,,,,,,,,,
154,00007ee3 71460690,"      VOTEU.ANY UP6, P1",41,1,16384,,,,,,,,,
155,00007ee3 714606a0,"      UMOV UR31, UR7",41,10,16384,,,,,,,,,
156,00007ee3 714606b0,"@!UP0 SYNCS.EXCH.64 URZ, [UR25+0x1c020], UR32",41,0,16384,,,,,,,,,
157,00007ee3 714606c0,      BAR.SYNC.DEFER_BLOCKING 0x0,41,86,16384,,,,,,,,,
158,00007ee3 714606d0,"      VOTEU.ANY UP0, P2",41,53,16384,,,,,,,,,
159,00007ee3 714606e0,"@UP0  UMOV UR6, URZ",41,13,16384,,,,,,,,,
160,00007ee3 714606f0,"@!UP1 SYNCS.EXCH.64 URZ, [UR25+0x1c028], UR34",41,4,16384,,,,,,,,,
161,00007ee3 71460700,      BAR.SYNC.DEFER_BLOCKING 0x0,41,77,16384,,,,,,,,,
162,00007ee3 71460710,"      VOTEU.ANY UP1, P3",41,52,16384,,,,,,,,,
163,00007ee3 71460720,"@UP1  UIADD3 UR28, UR25, 0x10000, URZ",41,7,16384,,,,,,,,,
164,00007ee3 71460730,"@UP1  UIADD3 UR29, UR25, 0x1c028, URZ",41,4,16384,,,,,,,,,
165,00007ee3 71460740,"@UP1  UMOV UR30, URZ",41,1,16384,,,,,,,,,
166,00007ee3 71460750,"@!UP2 SYNCS.EXCH.64 URZ, [UR25+0x1c030], UR4",41,1,16384,,,,,,,,,
167,00007ee3 71460760,"      VOTEU.ANY UP2, P2",41,2,16384,,,,,,,,,
168,00007ee3 71460770,"@UP0  UIADD3 UR4, UR25, 0x4000, URZ",41,22,16384,,,,,,,,,
169,00007ee3 71460780,"@UP0  UIADD3 UR5, UR25, 0x1c008, URZ",41,7,16384,,,,,,,,,
170,00007ee3 71460790,"@P5   SYNCS.ARRIVE.TRANS64 RZ, [UR25+0x1c000], R4",41,39,16384,,,,,,,,,
171,00007ee3 714607a0,      MEMBAR.ALL.CTA,41,0,16384,,,,,,,,,
172,00007ee3 714607b0,      FENCE.VIEW.ASYNC.S,41,13,16384,,,,,,,,,
173,00007ee3 714607c0,"      VOTEU.ANY UP0, P3",41,54,16384,,,,,,,,,
174,00007ee3 714607d0,      BAR.SYNC.DEFER_BLOCKING 0x0,41,1,16384,,,,,,,,,
175,00007ee3 714607e0,"@UP4  UTMALDG.2D [UR8], [UR14]",41,52,16384,"Global, Shared",,,,,,,,
176,00007ee3 714607f0,"@P5   SYNCS.ARRIVE.TRANS64 RZ, [UR25+0x1c020], R4",41,2,16384,,,,,,,,,
177,00007ee3 71460800,      BAR.SYNC.DEFER_BLOCKING 0x0,41,3,16384,,,,,,,,,
178,00007ee3 71460810,"@P6   MOV R4, 0x4000",41,21,16384,,,,,,,,,
179,00007ee3 71460820,"@UP6  UTMALDG.2D [UR16], [UR20]",41,37,16384,"Global, Shared",,,,,,,,
180,00007ee3 71460830,"@P6   SYNCS.ARRIVE.TRANS64 RZ, [UR25+0x1c008], R4",41,0,16384,,,,,,,,,
181,00007ee3 71460840,      BAR.SYNC.DEFER_BLOCKING 0x0,41,3,16384,,,,,,,,,
182,00007ee3 71460850,"@UP2  UTMALDG.2D [UR4], [UR22]",41,57,16384,"Global, Shared",,,,,,,,
183,00007ee3 71460860,"@P6   SYNCS.ARRIVE.TRANS64 RZ, [UR25+0x1c028], R4",41,5,16384,,,,,,,,,
184,00007ee3 71460870,      BAR.SYNC.DEFER_BLOCKING 0x0,40,3,16384,,,,,,,,,
185,00007ee3 71460880,"      MOV R4, 0x3f800000",41,17,16384,,,,,,,,,
186,00007ee3 71460890,"      UMOV UR4, URZ",41,147,16384,,,,,,,,,
187,00007ee3 714608a0,"@UP0  UTMALDG.2D [UR28], [UR36]",41,3,16384,"Global, Shared",,,,,,,,
188,00007ee3 714608b0,"      UISETP.GE.AND UP0, UPT, UR13, 0x1, UPT",41,4,16384,,,,,,,,,
189,00007ee3 714608c0,"      PLOP3.LUT P0, PT, PT, PT, UP0, 0x80, 0x0",41,17,16384,,,,,,,,,
190,00007ee3 714608d0,"      ULDC.64 UR28, c[0x0][0x208]",41,305,16384,,,,,,,,,
191,00007ee3 714608e0,@!P0  BRA 0x7ee371462740,41,14,16384,,,,,,,,,
192,00007ee3 714608f0,"      LDC R6, c[0x0][0x210]",6,13,16384,,,,,,,,,
193,00007ee3 71460900,"      SHF.R.U32.HI R4, RZ, 0x5, R0",7,1,16384,,,,,,,,,
194,00007ee3 71460910,"      IMAD.MOV.U32 R8, RZ, RZ, -0x800000",8,1,16384,,,,,,,,,
195,00007ee3 71460920,"      MOV R9, 0xff800000",9,2,16384,,,,,,,,,
196,00007ee3 71460930,"      IMAD.MOV.U32 R5, RZ, RZ, 0x3f800000",10,0,16384,,,,,,,,,
197,00007ee3 71460940,"      R2UR UR30, R4",10,2,16384,,,,,,,,,
198,00007ee3 71460950,"      CS2R R88, SRZ",11,1,16384,,,,,,,,,
199,00007ee3 71460960,"      MOV R4, 0x3f800000",12,5,16384,,,,,,,,,
200,00007ee3 71460970,"      CS2R R90, SRZ",14,4,16384,,,,,,,,,
201,00007ee3 71460980,"      CS2R R92, SRZ",16,2,16384,,,,,,,,,
202,00007ee3 71460990,"      CS2R R94, SRZ",18,1,16384,,,,,,,,,
203,00007ee3 714609a0,"      CS2R R96, SRZ",20,2,16384,,,,,,,,,
204,00007ee3 714609b0,"      CS2R R98, SRZ",22,5,16384,,,,,,,,,
205,00007ee3 714609c0,"      CS2R R100, SRZ",24,5,16384,,,,,,,,,
206,00007ee3 714609d0,"      CS2R R102, SRZ",26,1,16384,,,,,,,,,
207,00007ee3 714609e0,"      CS2R R104, SRZ",28,3,16384,,,,,,,,,
208,00007ee3 714609f0,"      CS2R R106, SRZ",30,3,16384,,,,,,,,,
209,00007ee3 71460a00,"      CS2R R108, SRZ",32,2,16384,,,,,,,,,
210,00007ee3 71460a10,"      CS2R R110, SRZ",34,2,16384,,,,,,,,,
211,00007ee3 71460a20,"      CS2R R112, SRZ",36,3,16384,,,,,,,,,
212,00007ee3 71460a30,"      CS2R R114, SRZ",38,1,16384,,,,,,,,,
213,00007ee3 71460a40,"      CS2R R116, SRZ",40,6,16384,,,,,,,,,
214,00007ee3 71460a50,"      CS2R R118, SRZ",42,7,16384,,,,,,,,,
215,00007ee3 71460a60,"      UIADD3 UR8, UR13, -0x100, URZ",42,0,16384,,,,,,,,,
216,00007ee3 71460a70,"      FMUL R6, R6, 1.4426950216293334961",42,7,16384,,,,,,,,,
217,00007ee3 71460a80,"      UIADD3 UR26, UR11, 0x100, URZ",42,1,16384,,,,,,,,,
218,00007ee3 71460a90,"      UMOV UR9, 0x1",42,2,16384,,,,,,,,,
219,00007ee3 71460aa0,"      UMOV UR10, 0xffffffff",42,4,16384,,,,,,,,,
220,00007ee3 71460ab0,"      UMOV UR5, URZ",42,2,16384,,,,,,,,,
221,00007ee3 71460ac0,"      UIADD3 UR10, UR10, 0x1, URZ",42,4746,2097152,,,,,,,,,
222,00007ee3 71460ad0,"      UMOV UR17, 0x40000040",42,245,2097152,,,,,,,,,
223,00007ee3 71460ae0,"      UMOV UR19, 0x40000040",42,268,2097152,,,,,,,,,
224,00007ee3 71460af0,"      UISETP.GT.AND UP0, UPT, UR10, 0x2, UPT",42,1593,2097152,,,,,,,,,
225,00007ee3 71460b00,"      USEL UR6, URZ, 0x1, !UP0",42,2833,2097152,,,,,,,,,
226,00007ee3 71460b10,"      USEL UR10, UR10, URZ, !UP0",42,498,2097152,,,,,,,,,
227,00007ee3 71460b20,"      ULOP3.LUT UR4, UR4, UR6, URZ, 0x3c, !UPT",42,809,2097152,,,,,,,,,
228,00007ee3 71460b30,"      ULEA UR14, UR10, UR25, 0x3",42,521,2097152,,,,,,,,,
229,00007ee3 71460b40,"      USHF.L.U32 UR6, UR4, 0x1f, URZ",42,515,2097152,,,,,,,,,
230,00007ee3 71460b50,"      ULEA UR13, UR10, UR25, 0xe",42,491,2097152,,,,,,,,,
231,00007ee3 71460b60,"      IMAD.U32 R7, RZ, RZ, UR6",43,993,2097152,,,,,,,,,
232,00007ee3 71460b70,"      USHF.L.U32 UR6, UR30, 0x7, URZ",43,234,2097152,,,,,,,,,
233,00007ee3 71460b80,"      USHF.R.U32.HI UR18, URZ, 0x4, UR13",43,521,2097152,,,,,,,,,
234,00007ee3 71460b90,"      SYNCS.PHASECHK.TRANS64.TRYWAIT P0, [UR14+0x1c000], R7",43,235,2097152,,,,,,,,,
235,00007ee3 71460ba0,"      ULOP3.LUT UR6, UR6, 0x200, URZ, 0xc0, !UPT",43,380,2097152,,,,,,,,,
236,00007ee3 71460bb0,"      USGXT.U32 UR18, UR18, 0xe",43,551,2097152,,,,,,,,,
237,00007ee3 71460bc0,"      ULEA.HI UR6, UR24, UR6, URZ, 0x1c",43,537,2097152,,,,,,,,,
238,00007ee3 71460bd0,"      ULOP3.LUT UR16, UR6, 0x3fff, URZ, 0xc0, !UPT",43,2193,2097152,,,,,,,,,
239,00007ee3 71460be0,@!P0  BRA 0x7ee3714639b0,43,6689,2097152,,,,,,,,,
240,00007ee3 71460bf0,      WARPGROUP.ARRIVE,43,2809,2097152,,,,,,,,,
241,00007ee3 71460c00,"      UMOV UR6, URZ",43,245,2097152,,,,,,,,,
242,00007ee3 71460c10,"      UMOV UR7, URZ",43,250,2097152,,,,,,,,,
243,00007ee3 71460c20,"      HGMMA.64x128x16.F32 R24, gdesc[UR16], RZ, !UPT",107,3632,2097152,Shared,Load,,0,,,,,
244,00007ee3 71460c30,"      UIADD3 UR16, UP0, UR16, 0x2, URZ",107,266,2097152,,,,,,,,,
245,00007ee3 71460c40,"      UIADD3 UR18, UP1, UR18, 0x2, URZ",107,562,2097152,,,,,,,,,
246,00007ee3 71460c50,"      UIADD3.X UR17, UR6, 0x40000040, URZ, UP0, !UPT",107,519,2097152,,,,,,,,,
247,00007ee3 71460c60,"      UIADD3.X UR19, UR7, 0x40000040, URZ, UP1, !UPT",107,540,2097152,,,,,,,,,
248,00007ee3 71460c70,"      UIADD3.64 UR20, UR16, 0x2, URZ",107,516,2097152,,,,,,,,,
249,00007ee3 71460c80,"      UIADD3.64 UR22, UR18, 0x2, URZ",107,634,2097152,,,,,,,,,
250,00007ee3 71460c90,"      HGMMA.64x128x16.F32 R24, gdesc[UR16], R24",107,1403,2097152,Shared,Load,,0,,,,,
251,00007ee3 71460ca0,"      UIADD3.64 UR16, UR16, 0x4, URZ",107,252,2097152,,,,,,,,,
252,00007ee3 71460cb0,"      UIADD3.64 UR18, UR18, 0x4, URZ",107,541,2097152,,,,,,,,,
253,00007ee3 71460cc0,"      HGMMA.64x128x16.F32 R24, gdesc[UR20], R24",107,2544,2097152,Shared,Load,,0,,,,,
254,00007ee3 71460cd0,"      HGMMA.64x128x16.F32 R24, gdesc[UR16], R24, gsb0",107,4305,2097152,Shared,Load,,0,,,,,
255,00007ee3 71460ce0,"      WARPGROUP.DEPBAR.LE gsb0, 0x0",107,107620,2097152,,,,,,,,,
256,00007ee3 71460cf0,"      FMNMX R11, R24, R25, !PT",108,503,2097152,,,,,,,,,
257,00007ee3 71460d00,      BAR.SYNC.DEFER_BLOCKING 0x0,108,261,2097152,,,,,,,,,
258,00007ee3 71460d10,"      FMNMX R15, R26, R27, !PT",109,267,2097152,,,,,,,,,
259,00007ee3 71460d20,"      FMNMX R10, R28, R11, !PT",110,555,2097152,,,,,,,,,
260,00007ee3 71460d30,"      FMNMX R11, R29, R10, !PT",110,1200,2097152,,,,,,,,,
261,00007ee3 71460d40,"      FMNMX R10, R32, R11, !PT",110,1300,2097152,,,,,,,,,
262,00007ee3 71460d50,"      FMNMX R11, R33, R10, !PT",110,1013,2097152,,,,,,,,,
263,00007ee3 71460d60,"      FMNMX R10, R36, R11, !PT",110,1007,2097152,,,,,,,,,
264,00007ee3 71460d70,"      FMNMX R11, R37, R10, !PT",110,1255,2097152,,,,,,,,,
265,00007ee3 71460d80,"      SYNCS.PHASECHK.TRANS64.TRYWAIT P0, [UR14+0x1c020], R7",109,20327,2097152,,,,,,,,,
266,00007ee3 71460d90,"      FMNMX R10, R40, R11, !PT",110,801,2097152,,,,,,,,,
267,00007ee3 71460da0,"      FMNMX R11, R41, R10, !PT",110,1009,2097152,,,,,,,,,
268,00007ee3 71460db0,"      FMNMX R10, R44, R11, !PT",110,1085,2097152,,,,,,,,,
269,00007ee3 71460dc0,"      FMNMX R11, R45, R10, !PT",110,1000,2097152,,,,,,,,,
270,00007ee3 71460dd0,"      FMNMX R10, R48, R11, !PT",110,1039,2097152,,,,,,,,,
271,00007ee3 71460de0,"      FMNMX R11, R49, R10, !PT",110,1078,2097152,,,,,,,,,
272,00007ee3 71460df0,"      FMNMX R10, R52, R11, !PT",110,1013,2097152,,,,,,,,,
273,00007ee3 71460e00,"      FMNMX R11, R53, R10, !PT",110,936,2097152,,,,,,,,,
274,00007ee3 71460e10,"      FMNMX R10, R56, R11, !PT",110,1062,2097152,,,,,,,,,
275,00007ee3 71460e20,"      FMNMX R11, R57, R10, !PT",110,1015,2097152,,,,,,,,,
276,00007ee3 71460e30,"      FMNMX R10, R60, R11, !PT",110,972,2097152,,,,,,,,,
277,00007ee3 71460e40,"      FMNMX R11, R61, R10, !PT",110,1039,2097152,,,,,,,,,
278,00007ee3 71460e50,"      FMNMX R10, R64, R11, !PT",110,1070,2097152,,,,,,,,,
279,00007ee3 71460e60,"      FMNMX R11, R65, R10, !PT",110,1103,2097152,,,,,,,,,
280,00007ee3 71460e70,"      FMNMX R10, R68, R11, !PT",110,1041,2097152,,,,,,,,,
281,00007ee3 71460e80,"      FMNMX R11, R69, R10, !PT",110,1010,2097152,,,,,,,,,
282,00007ee3 71460e90,"      FMNMX R10, R72, R11, !PT",110,1016,2097152,,,,,,,,,
283,00007ee3 71460ea0,"      FMNMX R11, R73, R10, !PT",110,1009,2097152,,,,,,,,,
284,00007ee3 71460eb0,"      FMNMX R10, R76, R11, !PT",110,977,2097152,,,,,,,,,
285,00007ee3 71460ec0,"      FMNMX R11, R77, R10, !PT",110,1030,2097152,,,,,,,,,
286,00007ee3 71460ed0,"      FMNMX R10, R80, R11, !PT",110,1058,2097152,,,,,,,,,
287,00007ee3 71460ee0,"      FMNMX R11, R81, R10, !PT",110,1039,2097152,,,,,,,,,
288,00007ee3 71460ef0,"      FMNMX R10, R84, R11, !PT",110,1044,2097152,,,,,,,,,
289,00007ee3 71460f00,"      FMNMX R10, R85, R10, !PT",109,981,2097152,,,,,,,,,
290,00007ee3 71460f10,"      SHFL.BFLY PT, R11, R10, 0x2, 0x1f",110,1278,2097152,,,,,,,,,
291,00007ee3 71460f20,"      FMNMX R12, R10, R11, !PT",111,6711,2097152,,,,,,,,,
292,00007ee3 71460f30,"      FMNMX R10, R30, R15, !PT",110,491,2097152,,,,,,,,,
293,00007ee3 71460f40,"      SHFL.BFLY PT, R11, R12, 0x1, 0x1f",110,759,2097152,,,,,,,,,
294,00007ee3 71460f50,"      FMNMX R17, R31, R10, !PT",111,283,2097152,,,,,,,,,
295,00007ee3 71460f60,"      FMNMX R10, R34, R17, !PT",111,1292,2097152,,,,,,,,,
296,00007ee3 71460f70,"      FMNMX R17, R35, R10, !PT",111,943,2097152,,,,,,,,,
297,00007ee3 71460f80,"      FMNMX R10, R38, R17, !PT",111,990,2097152,,,,,,,,,
298,00007ee3 71460f90,"      FMNMX R19, R39, R10, !PT",111,1529,2097152,,,,,,,,,
299,00007ee3 71460fa0,"      FMNMX R10, R42, R19, !PT",111,1010,2097152,,,,,,,,,
300,00007ee3 71460fb0,"      FMNMX R11, R12, R11, !PT",110,526,2097152,,,,,,,,,
301,00007ee3 71460fc0,"      FMNMX R19, R43, R10, !PT",110,528,2097152,,,,,,,,,
302,00007ee3 71460fd0,"      FMUL R11, R6, R11",109,831,2097152,,,,,,,,,
303,00007ee3 71460fe0,"      FMNMX R10, R46, R19, !PT",110,255,2097152,,,,,,,,,
304,00007ee3 71460ff0,"      FMNMX R21, R47, R10, !PT",110,1843,2097152,,,,,,,,,
305,00007ee3 71461000,"      FMNMX R11, R11, R8, !PT",109,4062,2097152,,,,,,,,,
306,00007ee3 71461010,"      FMNMX R10, R50, R21, !PT",110,851,2097152,,,,,,,,,
307,00007ee3 71461020,"      FFMA R13, R6, R25, -R11",110,1076,2097152,,,,,,,,,
308,00007ee3 71461030,"      FMNMX R21, R51, R10, !PT",110,275,2097152,,,,,,,,,
309,00007ee3 71461040,"      FFMA R29, R6, R29, -R11",109,282,2097152,,,,,,,,,
310,00007ee3 71461050,"      FFMA R33, R6, R33, -R11",109,248,2097152,,,,,,,,,
311,00007ee3 71461060,"      FFMA R45, R6, R45, -R11",109,266,2097152,,,,,,,,,
312,00007ee3 71461070,"      FMNMX R10, R54, R21, !PT",110,251,2097152,,,,,,,,,
313,00007ee3 71461080,"      MUFU.EX2 R15, R29",110,295,2097152,,,,,,,,,
314,00007ee3 71461090,"      FFMA R41, R6, R41, -R11",109,375,2097152,,,,,,,,,
315,00007ee3 714610a0,"      FFMA R120, R6, R24, -R11",110,264,2097152,,,,,,,,,
316,00007ee3 714610b0,"      FMNMX R23, R55, R10, !PT",110,268,2097152,,,,,,,,,
317,00007ee3 714610c0,"      FFMA R122, R6, R28, -R11",110,258,2097152,,,,,,,,,
318,00007ee3 714610d0,"      FFMA R124, R6, R32, -R11",110,230,2097152,,,,,,,,,
319,00007ee3 714610e0,"      FFMA R126, R6, R36, -R11",110,273,2097152,,,,,,,,,
320,00007ee3 714610f0,"      FMNMX R10, R58, R23, !PT",110,238,2097152,,,,,,,,,
321,00007ee3 71461100,"      MUFU.EX2 R17, R33",110,247,2097152,,,,,,,,,
322,00007ee3 71461110,"      FFMA R37, R6, R37, -R11",109,249,2097152,,,,,,,,,
323,00007ee3 71461120,"      FFMA R128, R6, R40, -R11",110,263,2097152,,,,,,,,,
324,00007ee3 71461130,"      FMNMX R23, R59, R10, !PT",110,255,2097152,,,,,,,,,
325,00007ee3 71461140,"      FFMA R130, R6, R44, -R11",110,252,2097152,,,,,,,,,
326,00007ee3 71461150,"      FFMA R132, R6, R48, -R11",110,232,2097152,,,,,,,,,
327,00007ee3 71461160,"      FFMA R49, R6, R49, -R11",109,249,2097152,,,,,,,,,
328,00007ee3 71461170,"      FMNMX R10, R62, R23, !PT",110,288,2097152,,,,,,,,,
329,00007ee3 71461180,"      MUFU.EX2 R21, R41",110,536,2097152,,,,,,,,,
330,00007ee3 71461190,"      FFMA R134, R6, R52, -R11",110,271,2097152,,,,,,,,,
331,00007ee3 714611a0,"      FFMA R53, R6, R53, -R11",109,231,2097152,,,,,,,,,
332,00007ee3 714611b0,"      FMNMX R25, R63, R10, !PT",110,237,2097152,,,,,,,,,
333,00007ee3 714611c0,"      FFMA R136, R6, R56, -R11",110,248,2097152,,,,,,,,,
334,00007ee3 714611d0,"      FFMA R57, R6, R57, -R11",109,243,2097152,,,,,,,,,
335,00007ee3 714611e0,"      FFMA R138, R6, R60, -R11",110,251,2097152,,,,,,,,,
336,00007ee3 714611f0,"      FMNMX R10, R66, R25, !PT",110,266,2097152,,,,,,,,,
337,00007ee3 71461200,"      MUFU.EX2 R23, R45",110,456,2097152,,,,,,,,,
338,00007ee3 71461210,"      FFMA R41, R6, R65, -R11",110,5722,2097152,,,,,,,,,
339,00007ee3 71461220,"      FFMA R12, R6, R68, -R11",110,260,2097152,,,,,,,,,
340,00007ee3 71461230,"      FMNMX R25, R67, R10, !PT",110,251,2097152,,,,,,,,,
341,00007ee3 71461240,"      FFMA R16, R6, R76, -R11",110,234,2097152,,,,,,,,,
342,00007ee3 71461250,"      FFMA R18, R6, R80, -R11",110,281,2097152,,,,,,,,,
343,00007ee3 71461260,"      FMNMX R10, R70, R25, !PT",110,655,2097152,,,,,,,,,
344,00007ee3 71461270,"      MUFU.EX2 R120, R120",109,264,2097152,,,,,,,,,
345,00007ee3 71461280,"      FMNMX R29, R71, R10, !PT",110,1203,2097152,,,,,,,,,
346,00007ee3 71461290,"      FMNMX R10, R74, R29, !PT",110,987,2097152,,,,,,,,,
347,00007ee3 714612a0,"      MUFU.EX2 R13, R13",109,4449,2097152,,,,,,,,,
348,00007ee3 714612b0,"      FMNMX R29, R75, R10, !PT",110,1044,2097152,,,,,,,,,
349,00007ee3 714612c0,"      FMNMX R10, R78, R29, !PT",110,1081,2097152,,,,,,,,,
350,00007ee3 714612d0,"      MUFU.EX2 R122, R122",109,265,2097152,,,,,,,,,
351,00007ee3 714612e0,"      FMNMX R33, R79, R10, !PT",110,799,2097152,,,,,,,,,
352,00007ee3 714612f0,"      FMNMX R10, R82, R33, !PT",110,1092,2097152,,,,,,,,,
353,00007ee3 71461300,"      MUFU.EX2 R124, R124",109,631,2097152,,,,,,,,,
354,00007ee3 71461310,"      FMNMX R33, R83, R10, !PT",110,779,2097152,,,,,,,,,
355,00007ee3 71461320,"      FMNMX R10, R86, R33, !PT",110,997,2097152,,,,,,,,,
356,00007ee3 71461330,"      MUFU.EX2 R126, R126",109,1219,2097152,,,,,,,,,
357,00007ee3 71461340,"      FMNMX R14, R87, R10, !PT",110,771,2097152,,,,,,,,,
358,00007ee3 71461350,"      FFMA R10, R6, R64, -R11",110,234,2097152,,,,,,,,,
359,00007ee3 71461360,"      SHFL.BFLY PT, R45, R14, 0x2, 0x1f",110,1614,2097152,,,,,,,,,
360,00007ee3 71461370,"      MUFU.EX2 R19, R37",111,2968,2097152,,,,,,,,,
361,00007ee3 71461380,"      MUFU.EX2 R128, R128",110,4541,2097152,,,,,,,,,
362,00007ee3 71461390,"      FFMA R37, R6, R61, -R11",111,844,2097152,,,,,,,,,
363,00007ee3 714613a0,"      FFMA R61, R6, R81, -R11",111,260,2097152,,,,,,,,,
364,00007ee3 714613b0,"      MUFU.EX2 R130, R130",110,3973,2097152,,,,,,,,,
365,00007ee3 714613c0,"      FMNMX R45, R14, R45, !PT",110,317,2097152,,,,,,,,,
366,00007ee3 714613d0,"      MUFU.EX2 R132, R132",109,2262,2097152,,,,,,,,,
367,00007ee3 714613e0,"      FFMA R14, R6, R72, -R11",110,254,2097152,,,,,,,,,
368,00007ee3 714613f0,"      SHFL.BFLY PT, R20, R45, 0x1, 0x1f",110,249,2097152,,,,,,,,,
369,00007ee3 71461400,"      MUFU.EX2 R25, R49",111,4209,2097152,,,,,,,,,
370,00007ee3 71461410,"      MUFU.EX2 R134, R134",110,2121,2097152,,,,,,,,,
371,00007ee3 71461420,"      FFMA R49, R6, R69, -R11",111,2547,2097152,,,,,,,,,
372,00007ee3 71461430,"      MUFU.EX2 R29, R53",111,5889,2097152,,,,,,,,,
373,00007ee3 71461440,"      FMNMX R65, R45, R20, !PT",111,262,2097152,,,,,,,,,
374,00007ee3 71461450,"      FFMA R20, R6, R84, -R11",110,264,2097152,,,,,,,,,
375,00007ee3 71461460,"      MUFU.EX2 R136, R136",109,5019,2097152,,,,,,,,,
376,00007ee3 71461470,"      FMUL R22, R6, R65",110,251,2097152,,,,,,,,,
377,00007ee3 71461480,"      FFMA R53, R6, R73, -R11",110,1360,2097152,,,,,,,,,
378,00007ee3 71461490,"      FFMA R65, R6, R85, -R11",110,235,2097152,,,,,,,,,
379,00007ee3 714614a0,"      FMNMX R45, R22, R9, !PT",110,996,2097152,,,,,,,,,
380,00007ee3 714614b0,"      MUFU.EX2 R33, R57",110,1141,2097152,,,,,,,,,
381,00007ee3 714614c0,"      FFMA R26, R6, R26, -R45",109,856,2097152,,,,,,,,,
382,00007ee3 714614d0,"      FFMA R27, R6, R27, -R45",109,256,2097152,,,,,,,,,
383,00007ee3 714614e0,"      FFMA R30, R6, R30, -R45",109,260,2097152,,,,,,,,,
384,00007ee3 714614f0,"      FFMA R31, R6, R31, -R45",109,274,2097152,,,,,,,,,
385,00007ee3 71461500,"      FFMA R34, R6, R34, -R45",109,247,2097152,,,,,,,,,
386,00007ee3 71461510,"      MUFU.EX2 R121, R26",110,337,2097152,,,,,,,,,
387,00007ee3 71461520,"      FFMA R35, R6, R35, -R45",109,280,2097152,,,,,,,,,
388,00007ee3 71461530,"      FFMA R38, R6, R38, -R45",109,255,2097152,,,,,,,,,
389,00007ee3 71461540,"      FFMA R39, R6, R39, -R45",109,268,2097152,,,,,,,,,
390,00007ee3 71461550,"      FFMA R42, R6, R42, -R45",109,278,2097152,,,,,,,,,
391,00007ee3 71461560,"      FFMA R43, R6, R43, -R45",109,277,2097152,,,,,,,,,
392,00007ee3 71461570,"      FFMA R46, R6, R46, -R45",109,246,2097152,,,,,,,,,
393,00007ee3 71461580,"      FFMA R47, R6, R47, -R45",109,251,2097152,,,,,,,,,
394,00007ee3 71461590,"      MUFU.EX2 R32, R27",110,261,2097152,,,,,,,,,
395,00007ee3 714615a0,"      FFMA R50, R6, R50, -R45",109,284,2097152,,,,,,,,,
396,00007ee3 714615b0,"      FFMA R51, R6, R51, -R45",109,270,2097152,,,,,,,,,
397,00007ee3 714615c0,"      FFMA R54, R6, R54, -R45",109,241,2097152,,,,,,,,,
398,00007ee3 714615d0,"      FFMA R55, R6, R55, -R45",109,265,2097152,,,,,,,,,
399,00007ee3 714615e0,"      FFMA R58, R6, R58, -R45",109,257,2097152,,,,,,,,,
400,00007ee3 714615f0,"      FFMA R59, R6, R59, -R45",109,264,2097152,,,,,,,,,
401,00007ee3 71461600,"      FFMA R62, R6, R62, -R45",109,387,2097152,,,,,,,,,
402,00007ee3 71461610,"      MUFU.EX2 R123, R30",110,683,2097152,,,,,,,,,
403,00007ee3 71461620,"      FADD R27, R120, R13",110,2573,2097152,,,,,,,,,
404,00007ee3 71461630,"      FFMA R63, R6, R63, -R45",110,271,2097152,,,,,,,,,
405,00007ee3 71461640,"      FFMA R66, R6, R66, -R45",110,266,2097152,,,,,,,,,
406,00007ee3 71461650,"      FFMA R67, R6, R67, -R45",110,250,2097152,,,,,,,,,
407,00007ee3 71461660,"      FADD R24, R122, R27",111,256,2097152,,,,,,,,,
408,00007ee3 71461670,"      FFMA R70, R6, R70, -R45",110,252,2097152,,,,,,,,,
409,00007ee3 71461680,"      FFMA R71, R6, R71, -R45",110,472,2097152,,,,,,,,,
410,00007ee3 71461690,"      MUFU.EX2 R36, R31",111,294,2097152,,,,,,,,,
411,00007ee3 714616a0,"      FADD R22, R121, R32",111,264,2097152,,,,,,,,,
412,00007ee3 714616b0,"      FADD R27, R15, R24",112,249,2097152,,,,,,,,,
413,00007ee3 714616c0,"      FFMA R74, R6, R74, -R45",111,305,2097152,,,,,,,,,
414,00007ee3 714616d0,"      FFMA R75, R6, R75, -R45",111,242,2097152,,,,,,,,,
415,00007ee3 714616e0,"      FFMA R78, R6, R78, -R45",111,263,2097152,,,,,,,,,
416,00007ee3 714616f0,"      FADD R24, R124, R27",112,281,2097152,,,,,,,,,
417,00007ee3 71461700,"      FFMA R57, R6, R77, -R11",112,499,2097152,,,,,,,,,
418,00007ee3 71461710,"      MUFU.EX2 R125, R34",112,275,2097152,,,,,,,,,
419,00007ee3 71461720,"      FADD R22, R123, R22",111,293,2097152,,,,,,,,,
420,00007ee3 71461730,"      FADD R27, R17, R24",112,246,2097152,,,,,,,,,
421,00007ee3 71461740,"      FFMA R79, R6, R79, -R45",111,257,2097152,,,,,,,,,
422,00007ee3 71461750,"      FFMA R82, R6, R82, -R45",111,235,2097152,,,,,,,,,
423,00007ee3 71461760,"      FFMA R83, R6, R83, -R45",111,246,2097152,,,,,,,,,
424,00007ee3 71461770,"      FADD R24, R126, R27",112,256,2097152,,,,,,,,,
425,00007ee3 71461780,"      FFMA R86, R6, R86, -R45",111,492,2097152,,,,,,,,,
426,00007ee3 71461790,"      MUFU.EX2 R35, R35",111,274,2097152,,,,,,,,,
427,00007ee3 714617a0,"      FADD R22, R36, R22",111,252,2097152,,,,,,,,,
428,00007ee3 714617b0,"      FADD R27, R19, R24",112,277,2097152,,,,,,,,,
429,00007ee3 714617c0,"      FFMA R87, R6, R87, -R45",111,256,2097152,,,,,,,,,
430,00007ee3 714617d0,"      FADD R24, R128, R27",112,1441,2097152,,,,,,,,,
431,00007ee3 714617e0,"      MUFU.EX2 R127, R38",112,5131,2097152,,,,,,,,,
432,00007ee3 714617f0,"      FADD R22, R125, R22",111,370,2097152,,,,,,,,,
433,00007ee3 71461800,"      FADD R27, R21, R24",112,272,2097152,,,,,,,,,
434,00007ee3 71461810,"      FADD R24, R130, R27",112,4412,2097152,,,,,,,,,
435,00007ee3 71461820,"      MUFU.EX2 R39, R39",111,1397,2097152,,,,,,,,,
436,00007ee3 71461830,"      FADD R22, R35, R22",111,241,2097152,,,,,,,,,
437,00007ee3 71461840,"      FADD R27, R23, R24",112,259,2097152,,,,,,,,,
438,00007ee3 71461850,"      FADD R24, R132, R27",112,1056,2097152,,,,,,,,,
439,00007ee3 71461860,"      MUFU.EX2 R129, R42",112,3447,2097152,,,,,,,,,
440,00007ee3 71461870,"      FADD R22, R127, R22",111,240,2097152,,,,,,,,,
441,00007ee3 71461880,"      FADD R27, R25, R24",112,237,2097152,,,,,,,,,
442,00007ee3 71461890,"      FADD R24, R134, R27",112,996,2097152,,,,,,,,,
443,00007ee3 714618a0,"      MUFU.EX2 R43, R43",111,3123,2097152,,,,,,,,,
444,00007ee3 714618b0,"      FADD R22, R39, R22",111,255,2097152,,,,,,,,,
445,00007ee3 714618c0,"      FADD R27, R29, R24",112,284,2097152,,,,,,,,,
446,00007ee3 714618d0,"      FADD R24, R136, R27",112,1015,2097152,,,,,,,,,
447,00007ee3 714618e0,"      MUFU.EX2 R131, R46",112,2771,2097152,,,,,,,,,
448,00007ee3 714618f0,"      FADD R22, R129, R22",111,230,2097152,,,,,,,,,
449,00007ee3 71461900,"      FADD R27, R33, R24",112,253,2097152,,,,,,,,,
450,00007ee3 71461910,"      MUFU.EX2 R47, R47",111,4172,2097152,,,,,,,,,
451,00007ee3 71461920,"      FADD R22, R43, R22",111,309,2097152,,,,,,,,,
452,00007ee3 71461930,"      MUFU.EX2 R133, R50",112,2881,2097152,,,,,,,,,
453,00007ee3 71461940,"      FADD R22, R131, R22",111,250,2097152,,,,,,,,,
454,00007ee3 71461950,"      MUFU.EX2 R51, R51",111,3795,2097152,,,,,,,,,
455,00007ee3 71461960,"      FADD R22, R47, R22",111,352,2097152,,,,,,,,,
456,00007ee3 71461970,"      MUFU.EX2 R135, R54",112,3023,2097152,,,,,,,,,
457,00007ee3 71461980,"      FADD R22, R133, R22",111,266,2097152,,,,,,,,,
458,00007ee3 71461990,"      MUFU.EX2 R55, R55",111,3564,2097152,,,,,,,,,
459,00007ee3 714619a0,"      FADD R22, R51, R22",111,249,2097152,,,,,,,,,
460,00007ee3 714619b0,"      MUFU.EX2 R137, R58",112,3730,2097152,,,,,,,,,
461,00007ee3 714619c0,"      FADD R22, R135, R22",111,241,2097152,,,,,,,,,
462,00007ee3 714619d0,"      MUFU.EX2 R59, R59",111,3817,2097152,,,,,,,,,
463,00007ee3 714619e0,"      FADD R22, R55, R22",111,230,2097152,,,,,,,,,
464,00007ee3 714619f0,"      MUFU.EX2 R138, R138",111,3554,2097152,,,,,,,,,
465,00007ee3 71461a00,"      FADD R22, R137, R22",111,240,2097152,,,,,,,,,
466,00007ee3 71461a10,"      MUFU.EX2 R139, R62",112,3895,2097152,,,,,,,,,
467,00007ee3 71461a20,"      FADD R22, R59, R22",111,262,2097152,,,,,,,,,
468,00007ee3 71461a30,"      MUFU.EX2 R37, R37",111,3929,2097152,,,,,,,,,
469,00007ee3 71461a40,"      FADD R24, R138, R27",112,275,2097152,,,,,,,,,
470,00007ee3 71461a50,"      MUFU.EX2 R63, R63",111,4879,2097152,,,,,,,,,
471,00007ee3 71461a60,"      FADD R22, R139, R22",111,251,2097152,,,,,,,,,
472,00007ee3 71461a70,"      MUFU.EX2 R10, R10",111,3803,2097152,,,,,,,,,
473,00007ee3 71461a80,"      FADD R27, R37, R24",112,257,2097152,,,,,,,,,
474,00007ee3 71461a90,"      MUFU.EX2 R141, R66",112,3966,2097152,,,,,,,,,
475,00007ee3 71461aa0,"      FADD R22, R63, R22",111,270,2097152,,,,,,,,,
476,00007ee3 71461ab0,"      MUFU.EX2 R41, R41",111,3752,2097152,,,,,,,,,
477,00007ee3 71461ac0,"      FADD R24, R10, R27",112,269,2097152,,,,,,,,,
478,00007ee3 71461ad0,"      MUFU.EX2 R67, R67",111,3786,2097152,,,,,,,,,
479,00007ee3 71461ae0,"      FADD R22, R141, R22",111,265,2097152,,,,,,,,,
480,00007ee3 71461af0,"      MUFU.EX2 R12, R12",111,2976,2097152,,,,,,,,,
481,00007ee3 71461b00,"      FADD R27, R41, R24",112,286,2097152,,,,,,,,,
482,00007ee3 71461b10,"      MUFU.EX2 R143, R70",112,3553,2097152,,,,,,,,,
483,00007ee3 71461b20,"      FADD R22, R67, R22",111,255,2097152,,,,,,,,,
484,00007ee3 71461b30,"      MUFU.EX2 R49, R49",111,3842,2097152,,,,,,,,,
485,00007ee3 71461b40,"      FADD R24, R12, R27",112,275,2097152,,,,,,,,,
486,00007ee3 71461b50,"      MUFU.EX2 R71, R71",111,4740,2097152,,,,,,,,,
487,00007ee3 71461b60,"      FADD R22, R143, R22",111,248,2097152,,,,,,,,,
488,00007ee3 71461b70,"      MUFU.EX2 R14, R14",111,4061,2097152,,,,,,,,,
489,00007ee3 71461b80,"      FADD R27, R49, R24",112,244,2097152,,,,,,,,,
490,00007ee3 71461b90,"      MUFU.EX2 R145, R74",112,3802,2097152,,,,,,,,,
491,00007ee3 71461ba0,"      FADD R22, R71, R22",111,258,2097152,,,,,,,,,
492,00007ee3 71461bb0,"      MUFU.EX2 R53, R53",111,3806,2097152,,,,,,,,,
493,00007ee3 71461bc0,"      FADD R24, R14, R27",112,275,2097152,,,,,,,,,
494,00007ee3 71461bd0,"      MUFU.EX2 R75, R75",111,3898,2097152,,,,,,,,,
495,00007ee3 71461be0,"      FADD R22, R145, R22",111,225,2097152,,,,,,,,,
496,00007ee3 71461bf0,"      MUFU.EX2 R16, R16",111,3817,2097152,,,,,,,,,
497,00007ee3 71461c00,"      FADD R27, R53, R24",112,240,2097152,,,,,,,,,
498,00007ee3 71461c10,"      MUFU.EX2 R147, R78",112,2987,2097152,,,,,,,,,
499,00007ee3 71461c20,"      FADD R22, R75, R22",111,266,2097152,,,,,,,,,
500,00007ee3 71461c30,"      MUFU.EX2 R57, R57",111,3523,2097152,,,,,,,,,
501,00007ee3 71461c40,"      FADD R24, R16, R27",112,262,2097152,,,,,,,,,
502,00007ee3 71461c50,"      MUFU.EX2 R79, R79",111,4921,2097152,,,,,,,,,
503,00007ee3 71461c60,"      FADD R22, R147, R22",111,227,2097152,,,,,,,,,
504,00007ee3 71461c70,"      MUFU.EX2 R18, R18",111,3604,2097152,,,,,,,,,
505,00007ee3 71461c80,"      FADD R27, R57, R24",112,258,2097152,,,,,,,,,
506,00007ee3 71461c90,"      MUFU.EX2 R149, R82",112,2845,2097152,,,,,,,,,
507,00007ee3 71461ca0,"      FADD R22, R79, R22",111,336,2097152,,,,,,,,,
508,00007ee3 71461cb0,"      MUFU.EX2 R61, R61",111,3017,2097152,,,,,,,,,
509,00007ee3 71461cc0,"      FADD R24, R18, R27",112,486,2097152,,,,,,,,,
510,00007ee3 71461cd0,"      MUFU.EX2 R83, R83",111,3810,2097152,,,,,,,,,
511,00007ee3 71461ce0,"      FADD R22, R149, R22",111,298,2097152,,,,,,,,,
512,00007ee3 71461cf0,"      MUFU.EX2 R20, R20",111,4140,2097152,,,,,,,,,
513,00007ee3 71461d00,"      FADD R27, R61, R24",112,234,2097152,,,,,,,,,
514,00007ee3 71461d10,"      MUFU.EX2 R151, R86",112,4580,2097152,,,,,,,,,
515,00007ee3 71461d20,"      FADD R22, R83, R22",111,267,2097152,,,,,,,,,
516,00007ee3 71461d30,"      MUFU.EX2 R65, R65",111,2723,2097152,,,,,,,,,
517,00007ee3 71461d40,"      FADD R24, R20, R27",112,256,2097152,,,,,,,,,
518,00007ee3 71461d50,"      MUFU.EX2 R87, R87",111,2925,2097152,,,,,,,,,
519,00007ee3 71461d60,"      FADD R22, R151, R22",111,257,2097152,,,,,,,,,
520,00007ee3 71461d70,"      FADD R24, R65, R24",111,1372,2097152,,,,,,,,,
521,00007ee3 71461d80,"      SHFL.BFLY PT, R27, R24, 0x2, 0x1f",112,2829,2097152,,,,,,,,,
522,00007ee3 71461d90,"      FADD R26, R87, R22",113,1293,2097152,,,,,,,,,
523,00007ee3 71461da0,"      FADD R22, -R11, R8",113,368,2097152,,,,,,,,,
524,00007ee3 71461db0,"      FADD R8, -R45, R9",113,244,2097152,,,,,,,,,
525,00007ee3 71461dc0,"      SHFL.BFLY PT, R31, R26, 0x2, 0x1f",113,1301,2097152,,,,,,,,,
526,00007ee3 71461dd0,"      MUFU.EX2 R69, R22",114,1106,2097152,,,,,,,,,
527,00007ee3 71461de0,"      MUFU.EX2 R8, R8",113,3377,2097152,,,,,,,,,
528,00007ee3 71461df0,"      FADD R27, R24, R27",113,1072,2097152,,,,,,,,,
529,00007ee3 71461e00,"      FMUL R88, R88, R69",112,737,2097152,,,,,,,,,
530,00007ee3 71461e10,"      FMUL R89, R89, R69",112,209,2097152,,,,,,,,,
531,00007ee3 71461e20,"      FMUL R92, R92, R69",112,271,2097152,,,,,,,,,
532,00007ee3 71461e30,"      SHFL.BFLY PT, R28, R27, 0x1, 0x1f",113,795,2097152,,,,,,,,,
533,00007ee3 71461e40,"      FMUL R93, R93, R69",113,237,2097152,,,,,,,,,
534,00007ee3 71461e50,"      FMUL R96, R96, R69",113,244,2097152,,,,,,,,,
535,00007ee3 71461e60,"      FADD R31, R26, R31",113,349,2097152,,,,,,,,,
536,00007ee3 71461e70,"      FMUL R97, R97, R69",112,231,2097152,,,,,,,,,
537,00007ee3 71461e80,"      FMUL R100, R100, R69",112,244,2097152,,,,,,,,,
538,00007ee3 71461e90,"      FMUL R101, R101, R69",112,259,2097152,,,,,,,,,
539,00007ee3 71461ea0,"      FMUL R104, R104, R69",112,263,2097152,,,,,,,,,
540,00007ee3 71461eb0,"      SHFL.BFLY PT, R30, R31, 0x1, 0x1f",113,250,2097152,,,,,,,,,
541,00007ee3 71461ec0,"      FMUL R105, R105, R69",113,293,2097152,,,,,,,,,
542,00007ee3 71461ed0,"      FMUL R108, R108, R69",113,270,2097152,,,,,,,,,
543,00007ee3 71461ee0,"      FMUL R109, R109, R69",113,247,2097152,,,,,,,,,
544,00007ee3 71461ef0,"      FMUL R112, R112, R69",113,272,2097152,,,,,,,,,
545,00007ee3 71461f00,"      FMUL R113, R113, R69",113,229,2097152,,,,,,,,,
546,00007ee3 71461f10,"      FMUL R116, R116, R69",113,271,2097152,,,,,,,,,
547,00007ee3 71461f20,"      FMUL R117, R117, R69",113,240,2097152,,,,,,,,,
548,00007ee3 71461f30,"      FMUL R90, R90, R8",113,247,2097152,,,,,,,,,
549,00007ee3 71461f40,"      FMUL R91, R91, R8",113,267,2097152,,,,,,,,,
550,00007ee3 71461f50,"      FMUL R94, R94, R8",113,243,2097152,,,,,,,,,
551,00007ee3 71461f60,"      FMUL R95, R95, R8",113,271,2097152,,,,,,,,,
552,00007ee3 71461f70,"      FMUL R98, R98, R8",113,262,2097152,,,,,,,,,
553,00007ee3 71461f80,"      FMUL R99, R99, R8",113,345,2097152,,,,,,,,,
554,00007ee3 71461f90,"      FMUL R102, R102, R8",113,251,2097152,,,,,,,,,
555,00007ee3 71461fa0,"      FMUL R103, R103, R8",113,240,2097152,,,,,,,,,
556,00007ee3 71461fb0,"      FADD R28, R27, R28",113,839,2097152,,,,,,,,,
557,00007ee3 71461fc0,"      FMUL R106, R106, R8",112,229,2097152,,,,,,,,,
558,00007ee3 71461fd0,"      FMUL R107, R107, R8",112,282,2097152,,,,,,,,,
559,00007ee3 71461fe0,"      FMUL R110, R110, R8",112,280,2097152,,,,,,,,,
560,00007ee3 71461ff0,"      FMUL R111, R111, R8",112,256,2097152,,,,,,,,,
561,00007ee3 71462000,"      FMUL R114, R114, R8",112,265,2097152,,,,,,,,,
562,00007ee3 71462010,"      FMUL R115, R115, R8",112,348,2097152,,,,,,,,,
563,00007ee3 71462020,"      FMUL R118, R118, R8",112,233,2097152,,,,,,,,,
564,00007ee3 71462030,"      FADD R9, R31, R30",113,513,2097152,,,,,,,,,
565,00007ee3 71462040,"      FMUL R119, R119, R8",111,285,2097152,,,,,,,,,
566,00007ee3 71462050,@!P0  BRA 0x7ee3714639e0,111,270,2097152,,,,,,,,,
567,00007ee3 71462060,"      UIADD3 UR6, UR13, 0xc000, URZ",111,1576,2097152,,,,,,,,,
568,00007ee3 71462070,"      F2FP.F16.F32.PACK_AB R120, R13, R120",111,255,2097152,,,,,,,,,
569,00007ee3 71462080,"      UMOV UR7, 0x40000040",110,271,2097152,,,,,,,,,
570,00007ee3 71462090,"      F2FP.F16.F32.PACK_AB R121, R32, R121",110,257,2097152,,,,,,,,,
571,00007ee3 714620a0,"      USHF.R.U32.HI UR6, URZ, 0x4, UR6",109,267,2097152,,,,,,,,,
572,00007ee3 714620b0,"      F2FP.F16.F32.PACK_AB R122, R15, R122",109,255,2097152,,,,,,,,,
573,00007ee3 714620c0,"      ELECT P1, URZ, PT",108,616,2097152,,,,,,,,,
574,00007ee3 714620d0,"      F2FP.F16.F32.PACK_AB R123, R36, R123",108,478,2097152,,,,,,,,,
575,00007ee3 714620e0,"      USGXT.U32 UR6, UR6, 0xe",107,262,2097152,,,,,,,,,
576,00007ee3 714620f0,"      F2FP.F16.F32.PACK_AB R124, R17, R124",107,243,2097152,,,,,,,,,
577,00007ee3 71462100,"      ELECT P0, URZ, PT",106,2301,2097152,,,,,,,,,
578,00007ee3 71462110,"      F2FP.F16.F32.PACK_AB R125, R35, R125",106,475,2097152,,,,,,,,,
579,00007ee3 71462120,"      UIADD3 UR14, UP0, UR6, 0x80, URZ",105,247,2097152,,,,,,,,,
580,00007ee3 71462130,"      F2FP.F16.F32.PACK_AB R126, R19, R126",105,263,2097152,,,,,,,,,
581,00007ee3 71462140,"      UIADD3 UR9, UR9, 0x1, URZ",104,232,2097152,,,,,,,,,
582,00007ee3 71462150,"      F2FP.F16.F32.PACK_AB R127, R39, R127",104,274,2097152,,,,,,,,,
583,00007ee3 71462160,"      UIADD3 UR19, UR26, UR5, URZ",103,249,2097152,,,,,,,,,
584,00007ee3 71462170,"      F2FP.F16.F32.PACK_AB R128, R21, R128",103,238,2097152,,,,,,,,,
585,00007ee3 71462180,"      FFMA R5, R8, R5, R9",102,258,2097152,,,,,,,,,
586,00007ee3 71462190,"      F2FP.F16.F32.PACK_AB R129, R43, R129",100,242,2097152,,,,,,,,,
587,00007ee3 714621a0,"      FFMA R4, R69, R4, R28",99,249,2097152,,,,,,,,,
588,00007ee3 714621b0,"      F2FP.F16.F32.PACK_AB R130, R23, R130",97,258,2097152,,,,,,,,,
589,00007ee3 714621c0,"      IMAD.MOV.U32 R9, RZ, RZ, R45",97,249,2097152,,,,,,,,,
590,00007ee3 714621d0,"      F2FP.F16.F32.PACK_AB R131, R47, R131",97,235,2097152,,,,,,,,,
591,00007ee3 714621e0,"      UMOV UR23, UR19",96,537,2097152,,,,,,,,,
592,00007ee3 714621f0,"      F2FP.F16.F32.PACK_AB R132, R25, R132",96,267,2097152,,,,,,,,,
593,00007ee3 71462200,"      F2FP.F16.F32.PACK_AB R133, R51, R133",95,1902,2097152,,,,,,,,,
594,00007ee3 71462210,"      F2FP.F16.F32.PACK_AB R134, R29, R134",94,484,2097152,,,,,,,,,
595,00007ee3 71462220,"      F2FP.F16.F32.PACK_AB R135, R55, R135",93,699,2097152,,,,,,,,,
596,00007ee3 71462230,"      F2FP.F16.F32.PACK_AB R136, R33, R136",92,492,2097152,,,,,,,,,
597,00007ee3 71462240,"      F2FP.F16.F32.PACK_AB R137, R59, R137",91,521,2097152,,,,,,,,,
598,00007ee3 71462250,"      F2FP.F16.F32.PACK_AB R138, R37, R138",90,527,2097152,,,,,,,,,
599,00007ee3 71462260,"      F2FP.F16.F32.PACK_AB R139, R63, R139",89,2198,2097152,,,,,,,,,
600,00007ee3 71462270,"      F2FP.F16.F32.PACK_AB R140, R41, R10",89,504,2097152,,,,,,,,,
601,00007ee3 71462280,"      F2FP.F16.F32.PACK_AB R141, R67, R141",88,504,2097152,,,,,,,,,
602,00007ee3 71462290,"      F2FP.F16.F32.PACK_AB R142, R49, R12",88,678,2097152,,,,,,,,,
603,00007ee3 714622a0,"      F2FP.F16.F32.PACK_AB R143, R71, R143",87,1322,2097152,,,,,,,,,
604,00007ee3 714622b0,"      F2FP.F16.F32.PACK_AB R144, R53, R14",87,1220,2097152,,,,,,,,,
605,00007ee3 714622c0,"      F2FP.F16.F32.PACK_AB R145, R75, R145",85,2464,2097152,,,,,,,,,
606,00007ee3 714622d0,"      F2FP.F16.F32.PACK_AB R146, R57, R16",85,2120,2097152,,,,,,,,,
607,00007ee3 714622e0,"      F2FP.F16.F32.PACK_AB R147, R79, R147",83,1248,2097152,,,,,,,,,
608,00007ee3 714622f0,"      F2FP.F16.F32.PACK_AB R148, R61, R18",83,822,2097152,,,,,,,,,
609,00007ee3 71462300,"      F2FP.F16.F32.PACK_AB R149, R83, R149",81,1402,2097152,,,,,,,,,
610,00007ee3 71462310,"      F2FP.F16.F32.PACK_AB R150, R65, R20",81,569,2097152,,,,,,,,,
611,00007ee3 71462320,"      F2FP.F16.F32.PACK_AB R151, R87, R151",79,1119,2097152,,,,,,,,,
612,00007ee3 71462330,"      MOV R13, UR8",79,624,2097152,,,,,,,,,
613,00007ee3 71462340,      WARPGROUP.ARRIVE,79,564,2097152,,,,,,,,,
614,00007ee3 71462350,"      MOV R8, R11",80,239,2097152,,,,,,,,,
615,00007ee3 71462360,"      ISETP.GT.AND P1, PT, R13, UR5, P1",80,563,2097152,,,,,,,,,
616,00007ee3 71462370,"      ISETP.GT.AND P0, PT, R13, UR5, P0",80,537,2097152,,,,,,,,,
617,00007ee3 71462380,"      HGMMA.64x64x16.F32 R88, R120, gdesc[UR4].tnspB, R88",80,3504,2097152,Shared,Load,,0,,,,,
618,00007ee3 71462390,"      UMOV UR6, URZ",76,280,2097152,,,,,,,,,
619,00007ee3 714623a0,"      ISETP.LT.U32.AND P1, PT, R152, 0x20, P1",76,415,2097152,,,,,,,,,
620,00007ee3 714623b0,"      UIADD3.X UR15, UR6, 0x40000040, URZ, UP0, !UPT",76,241,2097152,,,,,,,,,
621,00007ee3 714623c0,"      ISETP.LT.U32.AND P0, PT, R152, 0x20, P0",76,260,2097152,,,,,,,,,
622,00007ee3 714623d0,"      UISETP.GT.AND UP0, UPT, UR9, 0x2, UPT",76,286,2097152,,,,,,,,,
623,00007ee3 714623e0,"      UIADD3.64 UR6, UR14, 0x80, URZ",76,731,2097152,,,,,,,,,
624,00007ee3 714623f0,"      USEL UR9, UR9, URZ, !UP0",76,538,2097152,,,,,,,,,
625,00007ee3 71462400,"      ULEA UR16, UR9, UR25, 0xe",76,1060,2097152,,,,,,,,,
626,00007ee3 71462410,"@P1   IADD3 R12, P3, R2, 0x1b0, RZ",76,1006,2097152,,,,,,,,,
627,00007ee3 71462420,"      VOTEU.ANY UP1, P1",76,274,2097152,,,,,,,,,
628,00007ee3 71462430,"@P0   IADD3 R7, P2, R2, 0xf0, RZ",76,241,2097152,,,,,,,,,
629,00007ee3 71462440,"      VOTEU.ANY UP0, P0",76,298,2097152,,,,,,,,,
630,00007ee3 71462450,"@P1   R2UR UR13, R12",76,256,2097152,,,,,,,,,
631,00007ee3 71462460,"      VOTEU.ANY UP2, P0",75,276,2097152,,,,,,,,,
632,00007ee3 71462470,"@UP1  UIADD3 UR20, UR16, 0xc000, URZ",75,241,2097152,,,,,,,,,
633,00007ee3 71462480,"@P0   IMAD.X R10, RZ, RZ, R3, P2",75,272,2097152,,,,,,,,,
634,00007ee3 71462490,"      ISETP.GT.AND P2, PT, R13, UR5, !P4",75,225,2097152,,,,,,,,,
635,00007ee3 714624a0,"@UP0  UMOV UR18, URZ",74,290,2097152,,,,,,,,,
636,00007ee3 714624b0,"      UIADD3 UR5, UR5, 0x80, URZ",74,241,2097152,,,,,,,,,
637,00007ee3 714624c0,"      VOTEU.ANY UP3, P1",74,280,2097152,,,,,,,,,
638,00007ee3 714624d0,"@UP1  UMOV UR22, URZ",74,329,2097152,,,,,,,,,
639,00007ee3 714624e0,"      MOV R14, UR13",75,4950,2097152,,,,,,,,,
640,00007ee3 714624f0,"      ULEA UR13, UR9, UR25, 0x3",75,363,2097152,,,,,,,,,
641,00007ee3 71462500,"@UP0  UIADD3 UR17, UR13, 0x1c000, URZ",75,1104,2097152,,,,,,,,,
642,00007ee3 71462510,"@UP1  UIADD3 UR21, UR13, 0x1c020, URZ",75,1108,2097152,,,,,,,,,
643,00007ee3 71462520,"      HGMMA.64x64x16.F32 R88, R124, gdesc[UR12].tnspB, R88",75,953,2097152,Shared,Load,,0,,,,,
644,00007ee3 71462530,"      HGMMA.64x64x16.F32 R88, R128, gdesc[UR4].tnspB, R88",71,1742,2097152,Shared,Load,,0,,,,,
645,00007ee3 71462540,"      UIADD3.64 UR6, UR14, 0x100, URZ",67,264,2097152,,,,,,,,,
646,00007ee3 71462550,"      HGMMA.64x64x16.F32 R88, R132, gdesc[UR4].tnspB, R88",67,3309,2097152,Shared,Load,,0,,,,,
647,00007ee3 71462560,"      UIADD3.64 UR6, UR14, 0x180, URZ",63,306,2097152,,,,,,,,,
648,00007ee3 71462570,"      HGMMA.64x64x16.F32 R88, R136, gdesc[UR4].tnspB, R88",63,4494,2097152,Shared,Load,,0,,,,,
649,00007ee3 71462580,"      UIADD3.64 UR6, UR14, 0x200, URZ",59,253,2097152,,,,,,,,,
650,00007ee3 71462590,"      HGMMA.64x64x16.F32 R88, R140, gdesc[UR4].tnspB, R88",59,3674,2097152,Shared,Load,,0,,,,,
651,00007ee3 714625a0,"      UIADD3.64 UR6, UR14, 0x280, URZ",55,277,2097152,,,,,,,,,
652,00007ee3 714625b0,"      UIADD3.64 UR14, UR14, 0x300, URZ",55,928,2097152,,,,,,,,,
653,00007ee3 714625c0,"      HGMMA.64x64x16.F32 R88, R144, gdesc[UR4].tnspB, R88",55,2866,2097152,Shared,Load,,0,,,,,
654,00007ee3 714625d0,"@P0   R2UR UR6, R7",51,286,2097152,,,,,,,,,
655,00007ee3 714625e0,"@P1   IADD3.X R7, RZ, R3, RZ, P3, !PT",51,714,2097152,,,,,,,,,
656,00007ee3 714625f0,"@P0   R2UR UR7, R10",51,741,2097152,,,,,,,,,
657,00007ee3 71462600,"      LDC R10, c[0x0][0x518]",51,503,2097152,,,,,,,,,
658,00007ee3 71462610,"      MOV R12, UR6",52,2021,2097152,,,,,,,,,
659,00007ee3 71462620,"      IMAD.U32 R13, RZ, RZ, UR7",53,1272,2097152,,,,,,,,,
660,00007ee3 71462630,"@P0   R2UR UR6, R12",53,453,2097152,,,,,,,,,
661,00007ee3 71462640,"@P0   R2UR UR7, R13",52,1268,2097152,,,,,,,,,
662,00007ee3 71462650,"      ISETP.LE.AND P0, PT, R10, UR5, PT",51,2424,2097152,,,,,,,,,
663,00007ee3 71462660,"      HGMMA.64x64x16.F32 R88, R148, gdesc[UR12].tnspB, R88, gsb0",50,1977,2097152,Shared,Load,,0,,,,,
664,00007ee3 71462670,"@P1   R2UR UR14, R7",46,260,2097152,,,,,,,,,
665,00007ee3 71462680,"@P2   IMAD.MOV.U32 R7, RZ, RZ, 0x4000",46,266,2097152,,,,,,,,,
666,00007ee3 71462690,"@P2   SYNCS.ARRIVE.TRANS64 RZ, [UR13+0x1c000], R7",46,1281,2097152,,,,,,,,,
667,00007ee3 714626a0,      BAR.SYNC.DEFER_BLOCKING 0x0,46,337,2097152,,,,,,,,,
668,00007ee3 714626b0,"@P2   MOV R7, 0x4000",46,2281,2097152,,,,,,,,,
669,00007ee3 714626c0,"      MOV R15, UR14",47,1875,2097152,,,,,,,,,
670,00007ee3 714626d0,"@P1   R2UR UR14, R14",47,519,2097152,,,,,,,,,
671,00007ee3 714626e0,"@P1   R2UR UR15, R15",46,922,2097152,,,,,,,,,
672,00007ee3 714626f0,"@UP2  UTMALDG.2D [UR16], [UR6]",45,33285,2097152,"Global, Shared",,,,,,,,
673,00007ee3 71462700,"@P2   SYNCS.ARRIVE.TRANS64 RZ, [UR13+0x1c020], R7",45,287,2097152,,,,,,,,,
674,00007ee3 71462710,      BAR.SYNC.DEFER_BLOCKING 0x0,44,253,2097152,,,,,,,,,
675,00007ee3 71462720,"@UP3  UTMALDG.2D [UR20], [UR14]",44,7651,2097152,"Global, Shared",,,,,,,,
676,00007ee3 71462730,@!P0  BRA 0x7ee371460ac0,44,3021,2097152,,,,,,,,,
677,00007ee3 71462740,"      MOV R31, R4",42,1303,16384,,,,,,,,,
678,00007ee3 71462750,"      WARPGROUP.DEPBAR.LE gsb0, 0x0",41,192,16384,,,,,,,,,
679,00007ee3 71462760,"      SHF.L.U32 R4, R0, 0x2, RZ",42,3,16384,,,,,,,,,
680,00007ee3 71462770,"      IMAD.MOV.U32 R32, RZ, RZ, R5",43,4,16384,,,,,,,,,
681,00007ee3 71462780,"      SHF.R.U32.HI R7, RZ, 0x1, R0",43,3,16384,,,,,,,,,
682,00007ee3 71462790,"      FMUL R5, R90, 0.25",44,1,16384,,,,,,,,,
683,00007ee3 714627a0,"      LOP3.LUT R6, R4, 0x1c0, RZ, 0xc0, !PT",45,2,16384,,,,,,,,,
684,00007ee3 714627b0,"      FMUL R4, R89, 0.25",45,1,16384,,,,,,,,,
685,00007ee3 714627c0,"      LOP3.LUT R29, R0, 0x7, RZ, 0xc0, !PT",46,1,16384,,,,,,,,,
686,00007ee3 714627d0,      BAR.SYNC.DEFER_BLOCKING 0x0,46,0,16384,,,,,,,,,
687,00007ee3 714627e0,"      FSETP.GT.AND P1, PT, |R31|, 8.50705917302346158658e+37, PT",46,3,16384,,,,,,,,,
688,00007ee3 714627f0,"      FMUL R9, R92, 0.25",47,7,16384,,,,,,,,,
689,00007ee3 71462800,"      LOP3.LUT R13, R7, 0x4, RZ, 0xc0, !PT",48,3,16384,,,,,,,,,
690,00007ee3 71462810,"      FMUL R7, R88, 0.25",48,5,16384,,,,,,,,,
691,00007ee3 71462820,"      LEA R8, R29, UR25, 0x3",49,1,16384,,,,,,,,,
692,00007ee3 71462830,"      FMUL R10, R99, 0.25",50,1,16384,,,,,,,,,
693,00007ee3 71462840,"      FSEL R12, R4, R89, P1",51,1,16384,,,,,,,,,
694,00007ee3 71462850,"      FMUL R4, R93, 0.25",50,1,16384,,,,,,,,,
695,00007ee3 71462860,"      IADD3 R30, R13, R8, R6",51,8,16384,,,,,,,,,
696,00007ee3 71462870,"      FMUL R6, R97, 0.25",49,0,16384,,,,,,,,,
697,00007ee3 71462880,"      FSEL R88, R7, R88, P1",49,3,16384,,,,,,,,,
698,00007ee3 71462890,"      FMUL R7, R96, 0.25",49,6,16384,,,,,,,,,
699,00007ee3 714628a0,"      FSEL R14, R4, R93, P1",50,5,16384,,,,,,,,,
700,00007ee3 714628b0,"      FMUL R4, R105, 0.25",49,10,16384,,,,,,,,,
701,00007ee3 714628c0,"      FSEL R16, R6, R97, P1",50,5,16384,,,,,,,,,
702,00007ee3 714628d0,"      FMUL R6, R109, 0.25",49,5,16384,,,,,,,,,
703,00007ee3 714628e0,"      FSEL R96, R7, R96, P1",49,2,16384,,,,,,,,,
704,00007ee3 714628f0,"      FMUL R7, R104, 0.25",49,5,16384,,,,,,,,,
705,00007ee3 71462900,"      FMUL R13, R112, 0.25",50,2,16384,,,,,,,,,
706,00007ee3 71462910,"      FSEL R20, R4, R105, P1",51,3,16384,,,,,,,,,
707,00007ee3 71462920,"      FMUL R4, R113, 0.25",50,1,16384,,,,,,,,,
708,00007ee3 71462930,"      FSETP.GT.AND P2, PT, |R32|, 8.50705917302346158658e+37, PT",50,4,16384,,,,,,,,,
709,00007ee3 71462940,"      FMUL R8, R101, 0.25",51,3,16384,,,,,,,,,
710,00007ee3 71462950,"      FSEL R22, R6, R109, P1",52,3,16384,,,,,,,,,
711,00007ee3 71462960,"      FMUL R6, R117, 0.25",51,9,16384,,,,,,,,,
712,00007ee3 71462970,"      FSEL R104, R7, R104, P1",51,3,16384,,,,,,,,,
713,00007ee3 71462980,"      FMUL R7, R116, 0.25",51,3,16384,,,,,,,,,
714,00007ee3 71462990,"      FSEL R112, R13, R112, P1",51,3,16384,,,,,,,,,
715,00007ee3 714629a0,@!P4  SYNCS.CCTL.IV [UR25+0x1c020],50,113,16384,,,,,,,,,
716,00007ee3 714629b0,"      FSEL R26, R4, R113, P1",51,1,16384,,,,,,,,,
717,00007ee3 714629c0,"      FMUL R4, R31, 8388608",50,4,16384,,,,,,,,,
718,00007ee3 714629d0,"      FSEL R13, R5, R90, P2",51,0,16384,,,,,,,,,
719,00007ee3 714629e0,"      FMUL R5, R32, 8388608",50,2,16384,,,,,,,,,
720,00007ee3 714629f0,"      FSETP.GEU.AND P3, PT, R31, 1.175494350822287508e-38, PT",50,2,16384,,,,,,,,,
721,00007ee3 71462a00,      BAR.SYNC.DEFER_BLOCKING 0x0,50,70,16384,,,,,,,,,
722,00007ee3 71462a10,"      FSETP.GEU.AND P5, PT, R32, 1.175494350822287508e-38, PT",50,3,16384,,,,,,,,,
723,00007ee3 71462a20,"      ELECT P0, URZ, PT",50,15,16384,,,,,,,,,
724,00007ee3 71462a30,"      FSEL R28, R6, R117, P1",51,3,16384,,,,,,,,,
725,00007ee3 71462a40,"      FMUL R6, R91, 0.25",50,2,16384,,,,,,,,,
726,00007ee3 71462a50,"      FSEL R116, R7, R116, P1",50,3,16384,,,,,,,,,
727,00007ee3 71462a60,"      FMUL R7, R94, 0.25",50,2,16384,,,,,,,,,
728,00007ee3 71462a70,"      FSEL R34, R4, R31, !P3",51,0,16384,,,,,,,,,
729,00007ee3 71462a80,"      FMUL R24, R111, 0.25",51,0,16384,,,,,,,,,
730,00007ee3 71462a90,"      FSEL R33, R5, R32, !P5",52,5,16384,,,,,,,,,
731,00007ee3 71462aa0,"      USHF.L.U32 UR6, UR11, 0x2, URZ",51,2,16384,,,,,,,,,
732,00007ee3 71462ab0,"      FSEL R18, R8, R101, P1",52,2,16384,,,,,,,,,
733,00007ee3 71462ac0,"      FMUL R8, R95, 0.25",51,1,16384,,,,,,,,,
734,00007ee3 71462ad0,"      FSEL R91, R6, R91, P2",51,3,16384,,,,,,,,,
735,00007ee3 71462ae0,"      FMUL R19, R102, 0.25",51,3,16384,,,,,,,,,
736,00007ee3 71462af0,"      FSEL R92, R9, R92, P1",51,0,16384,,,,,,,,,
737,00007ee3 71462b00,"      FMUL R9, R100, 0.25",51,3,16384,,,,,,,,,
738,00007ee3 71462b10,"      IADD3 R4, R34, -0x3f3504f3, RZ",52,2,16384,,,,,,,,,
739,00007ee3 71462b20,"      FMUL R21, R106, 0.25",53,1,16384,,,,,,,,,
740,00007ee3 71462b30,"      IADD3 R6, R33, -0x3f3504f3, RZ",54,5,16384,,,,,,,,,
741,00007ee3 71462b40,"      FMUL R25, R114, 0.25",55,1,16384,,,,,,,,,
742,00007ee3 71462b50,"      FSEL R15, R7, R94, P2",56,0,16384,,,,,,,,,
743,00007ee3 71462b60,"      FMUL R7, R98, 0.25",55,0,16384,,,,,,,,,
744,00007ee3 71462b70,"      FSEL R95, R8, R95, P2",55,2,16384,,,,,,,,,
745,00007ee3 71462b80,@!P4  SYNCS.CCTL.IV [UR25+0x1c028],54,14,16384,,,,,,,,,
746,00007ee3 71462b90,"      LOP3.LUT R5, R4, 0xff800000, RZ, 0xc0, !PT",55,3,16384,,,,,,,,,
747,00007ee3 71462ba0,      BAR.SYNC.DEFER_BLOCKING 0x0,54,84,16384,,,,,,,,,
748,00007ee3 71462bb0,"      LOP3.LUT R8, R6, 0xff800000, RZ, 0xc0, !PT",55,3,16384,,,,,,,,,
749,00007ee3 71462bc0,"      FMUL R27, R118, 0.25",55,3,16384,,,,,,,,,
750,00007ee3 71462bd0,"      FSEL R100, R9, R100, P1",55,5,16384,,,,,,,,,
751,00007ee3 71462be0,"      FMUL R9, R108, 0.25",55,3,16384,,,,,,,,,
752,00007ee3 71462bf0,"      FSEL R17, R7, R98, P2",56,2,16384,,,,,,,,,
753,00007ee3 71462c00,"      IMAD.IADD R4, R34, 0x1, -R5",55,1,16384,,,,,,,,,
754,00007ee3 71462c10,"      IADD3 R7, R33, -R8, RZ",56,1,16384,,,,,,,,,
755,00007ee3 71462c20,"      UIMAD.WIDE UR4, UR11, 0x4, URZ",56,5,16384,,,,,,,,,
756,00007ee3 71462c30,"      FSEL R108, R9, R108, P1",56,2,16384,,,,,,,,,
757,00007ee3 71462c40,"      FADD R6, R4, -1",56,1,16384,,,,,,,,,
758,00007ee3 71462c50,"      MOV R23, 0x3dc6b27f",56,2,16384,,,,,,,,,
759,00007ee3 71462c60,"      FADD R9, R7, -1",57,2,16384,,,,,,,,,
760,00007ee3 71462c70,"      FSEL R99, R10, R99, P2",56,2,16384,,,,,,,,,
761,00007ee3 71462c80,"      FMUL R10, R103, 0.25",56,1,16384,,,,,,,,,
762,00007ee3 71462c90,"      I2FP.F32.S32 R5, R5",56,1,16384,,,,,,,,,
763,00007ee3 71462ca0,"      FFMA.FTZ R7, R6, R23, -0.16845393180847167969",57,5,16384,,,,,,,,,
764,00007ee3 71462cb0,"      FFMA.FTZ R4, R9, R23, -0.16845393180847167969",58,0,16384,,,,,,,,,
765,00007ee3 71462cc0,"      ISETP.LT.U32.AND P0, PT, R152, 0x20, P0",57,1,16384,,,,,,,,,
766,00007ee3 71462cd0,"      FMUL R23, R110, 0.25",57,1,16384,,,,,,,,,
767,00007ee3 71462ce0,"      FFMA.FTZ R7, R6, R7, 0.1716887056827545166",57,4,16384,,,,,,,,,
768,00007ee3 71462cf0,"      FFMA.FTZ R4, R9, R4, 0.1716887056827545166",57,3,16384,,,,,,,,,
769,00007ee3 71462d00,"      FSEL R103, R10, R103, P2",57,5,16384,,,,,,,,,
770,00007ee3 71462d10,"      FMUL R10, R107, 0.25",57,1,16384,,,,,,,,,
771,00007ee3 71462d20,"      FFMA.FTZ R7, R6, R7, -0.17900948226451873779",57,0,16384,,,,,,,,,
772,00007ee3 71462d30,"      FFMA.FTZ R4, R9, R4, -0.17900948226451873779",57,3,16384,,,,,,,,,
773,00007ee3 71462d40,@!P4  SYNCS.CCTL.IV [UR25+0x1c030],57,41,16384,,,,,,,,,
774,00007ee3 71462d50,"      ISETP.GE.U32.AND P6, PT, R33, 0x7f800000, PT",57,3,16384,,,,,,,,,
775,00007ee3 71462d60,"      FFMA.FTZ R7, R6, R7, 0.20512372255325317383",57,4,16384,,,,,,,,,
776,00007ee3 71462d70,"      FFMA.FTZ R4, R9, R4, 0.20512372255325317383",57,2,16384,,,,,,,,,
777,00007ee3 71462d80,"      FSEL R107, R10, R107, P2",57,0,16384,,,,,,,,,
778,00007ee3 71462d90,"      VOTEU.ANY UP0, P0",56,2,16384,,,,,,,,,
779,00007ee3 71462da0,"      FFMA.FTZ R7, R6, R7, -0.24046532809734344482",56,2,16384,,,,,,,,,
780,00007ee3 71462db0,"      FFMA.FTZ R4, R9, R4, -0.24046532809734344482",56,2,16384,,,,,,,,,
781,00007ee3 71462dc0,@!P4  SYNCS.CCTL.IV [UR25+0x1c000],56,33,16384,,,,,,,,,
782,00007ee3 71462dd0,      BAR.SYNC.DEFER_BLOCKING 0x0,56,63,16384,,,,,,,,,
783,00007ee3 71462de0,"      FFMA.FTZ R7, R6, R7, 0.28857114911079406738",56,3,16384,,,,,,,,,
784,00007ee3 71462df0,"      FFMA.FTZ R10, R9, R4, 0.28857114911079406738",57,2,16384,,,,,,,,,
785,00007ee3 71462e00,"      FSEL R4, RZ, -23, P3",57,1,16384,,,,,,,,,
786,00007ee3 71462e10,"      FFMA.FTZ R7, R6, R7, -0.36067417263984680176",57,3,16384,,,,,,,,,
787,00007ee3 71462e20,"      FFMA.FTZ R10, R9, R10, -0.36067417263984680176",57,3,16384,,,,,,,,,
788,00007ee3 71462e30,"      FSETP.GEU.AND P3, PT, |R31|, 1.175494350822287508e-38, PT",57,2,16384,,,,,,,,,
789,00007ee3 71462e40,"      FFMA.FTZ R4, R5, 1.1920928955078125e-07, R4",57,2,16384,,,,,,,,,
790,00007ee3 71462e50,"      FFMA.FTZ R7, R6, R7, 0.48089820146560668945",56,3,16384,,,,,,,,,
791,00007ee3 71462e60,"      FFMA.FTZ R10, R9, R10, 0.48089820146560668945",56,3,16384,,,,,,,,,
792,00007ee3 71462e70,"      FSEL R5, RZ, -23, P5",57,3,16384,,,,,,,,,
793,00007ee3 71462e80,"@P1   FMUL R31, R31, 0.25",57,1,16384,,,,,,,,,
794,00007ee3 71462e90,"      FFMA.FTZ R7, R6, R7, -0.72134751081466674805",57,1,16384,,,,,,,,,
795,00007ee3 71462ea0,"      FFMA.FTZ R10, R9, R10, -0.72134751081466674805",57,0,16384,,,,,,,,,
796,00007ee3 71462eb0,"      ISETP.GE.U32.AND P5, PT, R34, 0x7f800000, PT",57,2,16384,,,,,,,,,
797,00007ee3 71462ec0,"      VOTEU.ANY UP1, P0",57,45,16384,,,,,,,,,
798,00007ee3 71462ed0,"      FMUL R7, R6, R7",57,2,16384,,,,,,,,,
799,00007ee3 71462ee0,"      FMUL R10, R9, R10",57,1,16384,,,,,,,,,
800,00007ee3 71462ef0,"      FSEL R111, R24, R111, P2",57,0,16384,,,,,,,,,
801,00007ee3 71462f00,"@!P3  FMUL R31, R31, 16777216",56,1,16384,,,,,,,,,
802,00007ee3 71462f10,"      FMUL R7, R6, R7",56,3,16384,,,,,,,,,
803,00007ee3 71462f20,"      FMUL R10, R9, R10",56,2,16384,,,,,,,,,
804,00007ee3 71462f30,"      FMUL R24, R115, 0.25",57,2,16384,,,,,,,,,
805,00007ee3 71462f40,"      I2FP.F32.S32 R8, R8",57,1,16384,,,,,,,,,
806,00007ee3 71462f50,"      FFMA.FTZ R7, R6, 1.4426950216293334961, R7",57,0,16384,,,,,,,,,
807,00007ee3 71462f60,"      FFMA.FTZ R10, R9, 1.4426950216293334961, R10",56,3,16384,,,,,,,,,
808,00007ee3 71462f70,"      FMUL R6, R119, 0.25",57,5,16384,,,,,,,,,
809,00007ee3 71462f80,"@P5   MOV R9, 0x7f800000",57,1,16384,,,,,,,,,
810,00007ee3 71462f90,"      FADD R4, R4, R7",57,3,16384,,,,,,,,,
811,00007ee3 71462fa0,@!P4  SYNCS.CCTL.IV [UR25+0x1c008],56,1,16384,,,,,,,,,
812,00007ee3 71462fb0,      BAR.SYNC.DEFER_BLOCKING 0x0,56,55,16384,,,,,,,,,
813,00007ee3 71462fc0,"      FSEL R119, R6, R119, P2",56,2,16384,,,,,,,,,
814,00007ee3 71462fd0,"@P5   FFMA.FTZ R4, R34, R9, +INF ",56,1,16384,,,,,,,,,
815,00007ee3 71462fe0,"@P0   IADD3 R6, P5, R2, 0x270, RZ",55,2,16384,,,,,,,,,
816,00007ee3 71462ff0,"      IMAD.SHL.U32 R7, R0, 0x80, RZ",55,1,16384,,,,,,,,,
817,00007ee3 71463000,"      FSEL R115, R24, R115, P2",55,0,16384,,,,,,,,,
818,00007ee3 71463010,"      FFMA.FTZ R5, R8, 1.1920928955078125e-07, R5",55,1,16384,,,,,,,,,
819,00007ee3 71463020,"@P0   IADD3.X R3, RZ, R3, RZ, P5, !PT",54,4,16384,,,,,,,,,
820,00007ee3 71463030,"@P6   IMAD.MOV.U32 R24, RZ, RZ, 0x7f800000",54,1,16384,,,,,,,,,
821,00007ee3 71463040,"      SHF.L.U32 R29, R29, 0x4, RZ",54,2,16384,,,,,,,,,
822,00007ee3 71463050,"@!P3  FMUL R12, R12, 16777216",54,3,16384,,,,,,,,,
823,00007ee3 71463060,"@P0   R2UR UR8, R3",54,1,16384,,,,,,,,,
824,00007ee3 71463070,"@!P3  FMUL R88, R88, 16777216",53,3,16384,,,,,,,,,
825,00007ee3 71463080,"      MUFU.RCP R3, R31",54,51,16384,,,,,,,,,
826,00007ee3 71463090,"@!P3  FMUL R92, R92, 16777216",53,3,16384,,,,,,,,,
827,00007ee3 714630a0,"@!P3  FMUL R14, R14, 16777216",53,1,16384,,,,,,,,,
828,00007ee3 714630b0,"@!P3  FMUL R96, R96, 16777216",53,2,16384,,,,,,,,,
829,00007ee3 714630c0,"@!P3  FMUL R16, R16, 16777216",53,4,16384,,,,,,,,,
830,00007ee3 714630d0,"@!P3  FMUL R100, R100, 16777216",53,3,16384,,,,,,,,,
831,00007ee3 714630e0,"@!P3  FMUL R18, R18, 16777216",53,4,16384,,,,,,,,,
832,00007ee3 714630f0,"@!P3  FMUL R104, R104, 16777216",53,0,16384,,,,,,,,,
833,00007ee3 71463100,"@!P3  FMUL R20, R20, 16777216",53,3,16384,,,,,,,,,
834,00007ee3 71463110,"@!P3  FMUL R108, R108, 16777216",53,1,16384,,,,,,,,,
835,00007ee3 71463120,"@!P3  FMUL R22, R22, 16777216",53,1,16384,,,,,,,,,
836,00007ee3 71463130,"@!P3  FMUL R112, R112, 16777216",53,2,16384,,,,,,,,,
837,00007ee3 71463140,"@!P3  FMUL R26, R26, 16777216",53,2,16384,,,,,,,,,
838,00007ee3 71463150,"@!P3  FMUL R116, R116, 16777216",53,3,16384,,,,,,,,,
839,00007ee3 71463160,"@!P3  FMUL R28, R28, 16777216",53,4,16384,,,,,,,,,
840,00007ee3 71463170,"      SHF.L.U32 R8, R0, 0x6, RZ",54,5,16384,,,,,,,,,
841,00007ee3 71463180,"      FADD R5, R5, R10",54,5,16384,,,,,,,,,
842,00007ee3 71463190,"      LOP3.LUT R7, R7, 0x780, RZ, 0xc0, !PT",53,4,16384,,,,,,,,,
843,00007ee3 714631a0,"@P6   FFMA.FTZ R5, R33, R24, +INF ",53,0,16384,,,,,,,,,
844,00007ee3 714631b0,"      LOP3.LUT R2, R29, 0x10, R0, 0x78, !PT",53,1,16384,,,,,,,,,
845,00007ee3 714631c0,"      FMUL R29, R3, R12",53,2,16384,,,,,,,,,
846,00007ee3 714631d0,"      FSETP.NEU.AND P1, PT, R33, RZ, PT",52,2,16384,,,,,,,,,
847,00007ee3 714631e0,"      FMUL R88, R3, R88",51,2,16384,,,,,,,,,
848,00007ee3 714631f0,"      FMUL R10, R3, R92",52,3,16384,,,,,,,,,
849,00007ee3 71463200,"      FMUL R31, R3, R14",52,24,16384,,,,,,,,,
850,00007ee3 71463210,"      FMUL R12, R3, R96",52,2,16384,,,,,,,,,
851,00007ee3 71463220,"      FMUL R33, R3, R16",52,0,16384,,,,,,,,,
852,00007ee3 71463230,"      FMUL R100, R3, R100",51,2,16384,,,,,,,,,
853,00007ee3 71463240,"      FMUL R35, R3, R18",52,0,16384,,,,,,,,,
854,00007ee3 71463250,"      FMUL R104, R3, R104",51,1,16384,,,,,,,,,
855,00007ee3 71463260,"      FMUL R37, R3, R20",52,1,16384,,,,,,,,,
856,00007ee3 71463270,"      FMUL R108, R3, R108",51,2,16384,,,,,,,,,
857,00007ee3 71463280,"      FMUL R39, R3, R22",52,1,16384,,,,,,,,,
858,00007ee3 71463290,"      FMUL R112, R3, R112",51,2,16384,,,,,,,,,
859,00007ee3 714632a0,"      FMUL R41, R3, R26",52,3,16384,,,,,,,,,
860,00007ee3 714632b0,"      FMUL R116, R3, R116",51,1,16384,,,,,,,,,
861,00007ee3 714632c0,"      FMUL R43, R3, R28",52,1,16384,,,,,,,,,
862,00007ee3 714632d0,"      LOP3.LUT R7, R7, 0x3800, R8, 0xf8, !PT",50,2,16384,,,,,,,,,
863,00007ee3 714632e0,"      IMAD.U32 R3, RZ, RZ, UR12",50,3,16384,,,,,,,,,
864,00007ee3 714632f0,"      FSETP.NEU.AND P6, PT, R34, RZ, PT",50,0,16384,,,,,,,,,
865,00007ee3 71463300,@!P4  SYNCS.CCTL.IV [UR25+0x1c010],49,2,16384,,,,,,,,,
866,00007ee3 71463310,"      LOP3.LUT R24, R7, R2, RZ, 0xfc, !PT",50,3,16384,,,,,,,,,
867,00007ee3 71463320,"      UMOV UR4, UR25",48,2,16384,,,,,,,,,
868,00007ee3 71463330,"      FSEL R2, R5, -INF , P1",49,0,16384,,,,,,,,,
869,00007ee3 71463340,"      FSEL R4, R4, -INF , P6",48,45,16384,,,,,,,,,
870,00007ee3 71463350,"      LOP3.LUT P3, RZ, R0, 0x80, RZ, 0xc0, !PT",48,8,16384,,,,,,,,,
871,00007ee3 71463360,"      FADD R5, R2, R45",49,1,16384,,,,,,,,,
872,00007ee3 71463370,"      LOP3.LUT R3, R3, 0x7f, R0, 0xf8, !PT",47,1,16384,,,,,,,,,
873,00007ee3 71463380,"      FADD R4, R4, R11",47,3,16384,,,,,,,,,
874,00007ee3 71463390,"      SHF.L.U32 R0, R0, 0x1, RZ",46,4,16384,,,,,,,,,
875,00007ee3 714633a0,"      LDC.64 R8, c[0x0][0x218]",48,2,16384,,,,,,,,,
876,00007ee3 714633b0,"@P0   R2UR UR7, R6",48,3,16384,,,,,,,,,
877,00007ee3 714633c0,"      LOP3.LUT R6, R0, 0x1f8, RZ, 0xc0, !PT",48,2,16384,,,,,,,,,
878,00007ee3 714633d0,"      IMAD.HI R0, R3, 0x4, RZ",48,0,16384,,,,,,,,,
879,00007ee3 714633e0,"      SHF.L.U32 R7, R3, 0x2, RZ",49,1,16384,,,,,,,,,
880,00007ee3 714633f0,"      FSETP.GEU.AND P1, PT, |R32|, 1.175494350822287508e-38, PT",48,36,16384,,,,,,,,,
881,00007ee3 71463400,"      STS.64 [R6+UR25], R4",48,1,16384,Shared,Store,64,0,,,,,
882,00007ee3 71463410,"      FSEL R19, R19, R102, P2",45,5,16384,,,,,,,,,
883,00007ee3 71463420,"@P2   FMUL R32, R32, 0.25",44,1,16384,,,,,,,,,
884,00007ee3 71463430,"      FSEL R21, R21, R106, P2",44,0,16384,,,,,,,,,
885,00007ee3 71463440,"      FSEL R23, R23, R110, P2",43,6,16384,,,,,,,,,
886,00007ee3 71463450,"      IMAD.U32 R44, RZ, RZ, UR7",43,3,16384,,,,,,,,,
887,00007ee3 71463460,"      FSEL R25, R25, R114, P2",43,1,16384,,,,,,,,,
888,00007ee3 71463470,"      FSEL R27, R27, R118, P2",42,1,16384,,,,,,,,,
889,00007ee3 71463480,"      F2FP.F16.F32.PACK_AB R10, R31, R10",41,33,16384,,,,,,,,,
890,00007ee3 71463490,"@!P1  FMUL R32, R32, 16777216",40,4,16384,,,,,,,,,
891,00007ee3 714634a0,"@!P1  FMUL R13, R13, 16777216",40,2,16384,,,,,,,,,
892,00007ee3 714634b0,"@!P1  FMUL R15, R15, 16777216",40,1,16384,,,,,,,,,
893,00007ee3 714634c0,"@!P1  FMUL R17, R17, 16777216",40,2,16384,,,,,,,,,
894,00007ee3 714634d0,"      IADD3 R2, P2, P4, R7, UR6, R8",41,3,16384,,,,,,,,,
895,00007ee3 714634e0,      BAR.SYNC.DEFER_BLOCKING 0x0,39,6,16384,,,,,,,,,
896,00007ee3 714634f0,"@!P1  FMUL R19, R19, 16777216",39,1,16384,,,,,,,,,
897,00007ee3 71463500,"@!P1  FMUL R91, R91, 16777216",39,5,16384,,,,,,,,,
898,00007ee3 71463510,"      IADD3.X R3, R0, UR5, R9, P2, P4",40,1,16384,,,,,,,,,
899,00007ee3 71463520,"@!P1  FMUL R95, R95, 16777216",38,4,16384,,,,,,,,,
900,00007ee3 71463530,"@!P1  FMUL R99, R99, 16777216",38,1,16384,,,,,,,,,
901,00007ee3 71463540,"      MUFU.RCP R0, R32",39,64,16384,,,,,,,,,
902,00007ee3 71463550,"@!P1  FMUL R103, R103, 16777216",38,0,16384,,,,,,,,,
903,00007ee3 71463560,"@!P1  FMUL R21, R21, 16777216",38,3,16384,,,,,,,,,
904,00007ee3 71463570,"@!P1  FMUL R107, R107, 16777216",38,2,16384,,,,,,,,,
905,00007ee3 71463580,"@!P1  FMUL R23, R23, 16777216",38,1,16384,,,,,,,,,
906,00007ee3 71463590,"@!P1  FMUL R111, R111, 16777216",38,0,16384,,,,,,,,,
907,00007ee3 714635a0,"@!P1  FMUL R25, R25, 16777216",38,1,16384,,,,,,,,,
908,00007ee3 714635b0,"@!P1  FMUL R115, R115, 16777216",38,2,16384,,,,,,,,,
909,00007ee3 714635c0,"@!P1  FMUL R27, R27, 16777216",38,2,16384,,,,,,,,,
910,00007ee3 714635d0,"@!P1  FMUL R119, R119, 16777216",38,1,16384,,,,,,,,,
911,00007ee3 714635e0,"      F2FP.F16.F32.PACK_AB R8, R29, R88",39,1,16384,,,,,,,,,
912,00007ee3 714635f0,"      UMOV UR6, UR27",37,2,16384,,,,,,,,,
913,00007ee3 71463600,"      F2FP.F16.F32.PACK_AB R12, R33, R12",37,3,16384,,,,,,,,,
914,00007ee3 71463610,"@UP0  UMOV UR5, URZ",36,2,16384,,,,,,,,,
915,00007ee3 71463620,"      MOV R45, UR8",37,2,16384,,,,,,,,,
916,00007ee3 71463630,"@P0   R2UR UR8, R44",37,38,16384,,,,,,,,,
917,00007ee3 71463640,"      FMUL R9, R0, R13",37,1,16384,,,,,,,,,
918,00007ee3 71463650,"      LDS R7, [R30]",37,2,16384,Shared,Load,32,0,,,,,
919,00007ee3 71463660,"      FMUL R11, R0, R15",37,4,16384,,,,,,,,,
920,00007ee3 71463670,"      FMUL R13, R0, R17",37,2,16384,,,,,,,,,
921,00007ee3 71463680,"      FMUL R15, R0, R19",37,0,16384,,,,,,,,,
922,00007ee3 71463690,"      FMUL R4, R0, R91",37,1,16384,,,,,,,,,
923,00007ee3 714636a0,"      FMUL R6, R0, R95",37,4,16384,,,,,,,,,
924,00007ee3 714636b0,"      FMUL R14, R0, R99",37,4,16384,,,,,,,,,
925,00007ee3 714636c0,"      FMUL R16, R0, R103",37,0,16384,,,,,,,,,
926,00007ee3 714636d0,"      FMUL R5, R0, R21",37,0,16384,,,,,,,,,
927,00007ee3 714636e0,"      FMUL R18, R0, R107",37,2,16384,,,,,,,,,
928,00007ee3 714636f0,"      FMUL R23, R0, R23",36,0,16384,,,,,,,,,
929,00007ee3 71463700,"      FMUL R20, R0, R111",37,3,16384,,,,,,,,,
930,00007ee3 71463710,"      FMUL R17, R0, R25",37,2,16384,,,,,,,,,
931,00007ee3 71463720,"      FMUL R22, R0, R115",37,2,16384,,,,,,,,,
932,00007ee3 71463730,"      FMUL R19, R0, R27",37,1,16384,,,,,,,,,
933,00007ee3 71463740,"      FMUL R0, R0, R119",36,3,16384,,,,,,,,,
934,00007ee3 71463750,"      F2FP.F16.F32.PACK_AB R9, R4, R9",35,3,16384,,,,,,,,,
935,00007ee3 71463760,"      F2FP.F16.F32.PACK_AB R11, R6, R11",34,34,16384,,,,,,,,,
936,00007ee3 71463770,"      F2FP.F16.F32.PACK_AB R19, R0, R19",33,5,16384,,,,,,,,,
937,00007ee3 71463780,"      LOP3.LUT R0, R24, 0x20, RZ, 0x3c, !PT",33,3,16384,,,,,,,,,
938,00007ee3 71463790,"      F2FP.F16.F32.PACK_AB R13, R14, R13",33,5,16384,,,,,,,,,
939,00007ee3 714637a0,"      F2FP.F16.F32.PACK_AB R14, R35, R100",33,8,16384,,,,,,,,,
940,00007ee3 714637b0,"      VIADD R0, R0, UR25",31,2,16384,,,,,,,,,
941,00007ee3 714637c0,"      F2FP.F16.F32.PACK_AB R15, R16, R15",31,0,16384,,,,,,,,,
942,00007ee3 714637d0,"      F2FP.F16.F32.PACK_AB R4, R37, R104",31,9,16384,,,,,,,,,
943,00007ee3 714637e0,"      F2FP.F16.F32.PACK_AB R5, R18, R5",29,5,16384,,,,,,,,,
944,00007ee3 714637f0,"      F2FP.F16.F32.PACK_AB R6, R39, R108",29,3,16384,,,,,,,,,
945,00007ee3 71463800,"      F2FP.F16.F32.PACK_AB R16, R41, R112",28,6,16384,,,,,,,,,
946,00007ee3 71463810,"      F2FP.F16.F32.PACK_AB R17, R22, R17",26,3,16384,,,,,,,,,
947,00007ee3 71463820,"@!P3  STG.E desc[UR28][R2.64], R7",25,1,16384,Global,Store,32,,0,,,,
948,00007ee3 71463830,"      F2FP.F16.F32.PACK_AB R18, R43, R116",23,2,16384,,,,,,,,,
949,00007ee3 71463840,"@P0   R2UR UR9, R45",21,26,16384,,,,,,,,,
950,00007ee3 71463850,      BAR.SYNC.DEFER_BLOCKING 0x0,20,0,16384,,,,,,,,,
951,00007ee3 71463860,"      LOP3.LUT R2, R24, 0x40, RZ, 0x3c, !PT",21,5,16384,,,,,,,,,
952,00007ee3 71463870,"      LOP3.LUT R3, R24, 0x60, RZ, 0x3c, !PT",22,2,16384,,,,,,,,,
953,00007ee3 71463880,"      IADD3 R24, R24, UR25, RZ",22,5,16384,,,,,,,,,
954,00007ee3 71463890,"      F2FP.F16.F32.PACK_AB R7, R20, R23",23,5,16384,,,,,,,,,
955,00007ee3 714638a0,"      IADD3 R2, R2, UR25, RZ",21,8,16384,,,,,,,,,
956,00007ee3 714638b0,"      IADD3 R3, R3, UR25, RZ",21,4,16384,,,,,,,,,
957,00007ee3 714638c0,"      STSM.16.M88.4 [R24], R8",21,36,16384,Shared,Store,128,0,,,,,
958,00007ee3 714638d0,"      STSM.16.M88.4 [R0], R12",16,5,16384,Shared,Store,128,0,,,,,
959,00007ee3 714638e0,"      STSM.16.M88.4 [R2], R4",11,4,16384,Shared,Store,128,0,,,,,
960,00007ee3 714638f0,"      STSM.16.M88.4 [R3], R16",6,15,16384,Shared,Store,128,0,,,,,
961,00007ee3 71463900,      MEMBAR.ALL.CTA,1,3,16384,,,,,,,,,
962,00007ee3 71463910,      FENCE.VIEW.ASYNC.S,1,252,16384,,,,,,,,,
963,00007ee3 71463920,      BAR.SYNC.DEFER_BLOCKING 0x0,1,85,16384,,,,,,,,,
964,00007ee3 71463930,"@UP1  UTMASTG.2D [UR4], [UR8]",1,45,16384,"Global, Shared",,,,,,,,
965,00007ee3 71463940,      UTMACMDFLUSH,1,2,16384,,,,,,,,,
966,00007ee3 71463950,"      DEPBAR.LE SB0, 0x0",1,0,16384,,,,,,,,,
967,00007ee3 71463960,      BAR.SYNC.DEFER_BLOCKING 0x0,1,1025,16384,,,,,,,,,
968,00007ee3 71463970,      EXIT,1,155,16384,,,,,,,,,
969,00007ee3 71463980,"      SYNCS.PHASECHK.TRANS64.TRYWAIT P0, [UR25], RZ",9,57,0,,,,,,,,,
970,00007ee3 71463990,@!P0  BRA 0x7ee371463980,9,0,0,,,,,,,,,
971,00007ee3 714639a0,      BRA 0x7ee37145ffa0,9,0,0,,,,,,,,,
972,00007ee3 714639b0,"      SYNCS.PHASECHK.TRANS64.TRYWAIT P0, [UR14+0x1c000], R7",43,0,0,,,,,,,,,
973,00007ee3 714639c0,@!P0  BRA 0x7ee3714639b0,43,0,0,,,,,,,,,
974,00007ee3 714639d0,      BRA 0x7ee371460bf0,43,0,0,,,,,,,,,
975,00007ee3 714639e0,"      SYNCS.PHASECHK.TRANS64.TRYWAIT P0, [UR14+0x1c020], R7",111,0,0,,,,,,,,,
976,00007ee3 714639f0,@!P0  BRA 0x7ee3714639e0,111,0,0,,,,,,,,,
977,00007ee3 71463a00,      BRA 0x7ee371462060,111,0,0,,,,,,,,,
978,00007ee3 71463a10,      BRA 0x7ee371463a10,1,0,,,,,,,,,,
979,00007ee3 71463a20,      NOP,,0,,,,,,,,,,
980,00007ee3 71463a30,      NOP,,0,,,,,,,,,,
981,00007ee3 71463a40,      NOP,,0,,,,,,,,,,
982,00007ee3 71463a50,      NOP,,0,,,,,,,,,,
983,00007ee3 71463a60,      NOP,,0,,,,,,,,,,
984,00007ee3 71463a70,      NOP,,0,,,,,,,,,,
985,00007ee3 71463a80,      NOP,,0,,,,,,,,,,
986,00007ee3 71463a90,      NOP,,0,,,,,,,,,,
987,00007ee3 71463aa0,      NOP,,0,,,,,,,,,,
988,00007ee3 71463ab0,      NOP,,0,,,,,,,,,,
989,00007ee3 71463ac0,      NOP,,0,,,,,,,,,,
990,00007ee3 71463ad0,      NOP,,0,,,,,,,,,,
991,00007ee3 71463ae0,      NOP,,0,,,,,,,,,,
992,00007ee3 71463af0,      NOP,,0,,,,,,,,,,
